/BL (modelFiles=gpdk045.scs:tt) X,/BL (modelFiles=gpdk045.scs:tt) Y,/BLB (modelFiles=gpdk045.scs:tt) X,/BLB (modelFiles=gpdk045.scs:tt) Y,/Q (modelFiles=gpdk045.scs:tt) X,/Q (modelFiles=gpdk045.scs:tt) Y,/QB (modelFiles=gpdk045.scs:tt) X,/QB (modelFiles=gpdk045.scs:tt) Y,/VDD (modelFiles=gpdk045.scs:tt) X,/VDD (modelFiles=gpdk045.scs:tt) Y,/WL (modelFiles=gpdk045.scs:tt) X,/WL (modelFiles=gpdk045.scs:tt) Y,/V0/PLUS (modelFiles=gpdk045.scs:tt) X,/V0/PLUS (modelFiles=gpdk045.scs:tt) Y
0,0,0,1,0,4.223779154773217e-08,0,0.9999998753914556,0,1,0,0,0,-2.253589038036118e-11
3e-11,0,3e-11,1,3e-11,4.223779321999481e-08,3e-11,0.999999875391542,3e-11,1,3e-11,0,3e-11,-2.253582253458105e-11
8.999999999999999e-11,0,8.999999999999999e-11,1,8.999999999999999e-11,4.223779168516422e-08,8.999999999999999e-11,0.999999875391554,8.999999999999999e-11,1,8.999999999999999e-11,0,8.999999999999999e-11,-2.253582148955495e-11
2.1e-10,0,2.1e-10,1,2.1e-10,4.223779158858922e-08,2.1e-10,0.9999998753915738,2.1e-10,1,2.1e-10,0,2.1e-10,-2.253581882475648e-11
4.499999999999999e-10,0,4.499999999999999e-10,1,4.499999999999999e-10,4.223779144398618e-08,4.499999999999999e-10,0.9999998753915618,4.499999999999999e-10,1,4.499999999999999e-10,0,4.499999999999999e-10,-2.253582051779743e-11
9.299999999999999e-10,0,9.299999999999999e-10,1,9.299999999999999e-10,4.223779155811743e-08,9.299999999999999e-10,0.999999875391528,9.299999999999999e-10,1,9.299999999999999e-10,0,9.299999999999999e-10,-2.253582504858095e-11
1.53e-09,0,1.53e-09,1,1.53e-09,4.223779178380623e-08,1.53e-09,0.9999998753916988,1.53e-09,1,1.53e-09,0,1.53e-09,-2.253580176688665e-11
1.99e-09,0,1.99e-09,1,1.99e-09,4.223779010461899e-08,1.99e-09,0.999999875391279,1.99e-09,1,1.99e-09,0,1.99e-09,-2.253585933854479e-11
1.990083416666e-09,0.008341666666664842,1.990083416666e-09,0.9916583333333352,1.990083416666e-09,3.874545456477441e-07,1.990083416666e-09,0.9999992594739668,1.990083416666e-09,1,1.990083416666e-09,0,1.990083416666e-09,-1.176469842373658e-09
1.99025025e-09,0.02502499999999453,1.99025025e-09,0.9749750000000055,1.99025025e-09,1.994979253569248e-07,1.99025025e-09,0.9999992255772813,1.99025025e-09,1,1.99025025e-09,0,1.99025025e-09,5.573421746315286e-10
1.990583916666e-09,0.05839166666665389,1.990583916666e-09,0.9416083333333461,1.990583916666e-09,6.430685220775721e-08,1.990583916666e-09,0.9999992433455122,1.990583916666e-09,1,1.990583916666e-09,0,1.990583916666e-09,-8.456241319326826e-10
1.991150845519e-09,0.115084551930488,1.991150845519e-09,0.8849154480695119,1.991150845519e-09,1.648062232223016e-08,1.991150845519e-09,0.9999993031913635,1.991150845519e-09,1,1.991150845519e-09,0,1.991150845519e-09,6.457851625597332e-10
1.992284703224e-09,0.2284703224581563,1.992284703224e-09,0.7715296775418437,1.992284703224e-09,-2.461437516260036e-08,1.992284703224e-09,0.9999994212286184,1.992284703224e-09,1,1.992284703224e-09,0,1.992284703224e-09,-7.853082190018597e-10
1.994552418635e-09,0.4552418635134929,1.994552418635e-09,0.5447581364865071,1.994552418635e-09,5.723364629957105e-09,1.994552418635e-09,0.9999995725318263,1.994552418635e-09,1,1.994552418635e-09,0,1.994552418635e-09,6.84631514646026e-10
1.997276209317e-09,0.7276209317567465,1.997276209317e-09,0.2723790682432535,1.997276209317e-09,2.880735532924273e-08,1.997276209317e-09,0.9999997103926153,1.997276209317e-09,1,1.997276209317e-09,0,1.997276209317e-09,-7.663300099176021e-10
2e-09,1,2e-09,0,2e-09,5.669470072749887e-08,2e-09,0.9999997691350569,2e-09,1,2e-09,0,2e-09,6.923385198259659e-10
2.000083416666e-09,1,2.000083416666e-09,0,2.000083416666e-09,-5.118968308855371e-07,2.000083416666e-09,1.000000381405948,2.000083416666e-09,1,2.000083416666e-09,0,2.000083416666e-09,6.284790926540203e-10
2.00025025e-09,1,2.00025025e-09,0,2.00025025e-09,-4.734792872164078e-07,2.00025025e-09,1.000000387186953,2.00025025e-09,1,2.00025025e-09,0,2.00025025e-09,-4.34231471145805e-10
2.000583916666e-09,1,2.000583916666e-09,0,2.000583916666e-09,-3.883804911642666e-07,2.000583916666e-09,1.000000359158938,2.000583916666e-09,1,2.000583916666e-09,0,2.000583916666e-09,5.34490490633098e-10
2.001151006879e-09,1,2.001151006879e-09,0,2.001151006879e-09,-2.898462507370831e-07,2.001151006879e-09,1.000000339580352,2.001151006879e-09,1,2.001151006879e-09,0,2.001151006879e-09,-4.11216825315937e-10
2.002285187303e-09,1,2.002285187303e-09,0,2.002285187303e-09,-1.478617148045252e-07,2.002285187303e-09,1.000000249540648,2.002285187303e-09,1,2.002285187303e-09,0,2.002285187303e-09,4.768836682507191e-10
2.004553548153e-09,1,2.004553548153e-09,0,2.004553548153e-09,-3.338595242747685e-08,2.004553548153e-09,1.000000119152768,2.004553548153e-09,1,2.004553548153e-09,0,2.004553548153e-09,-4.427434635152567e-10
2.009090269852e-09,1,2.009090269852e-09,0,2.009090269852e-09,3.594687053378318e-08,2.009090269852e-09,0.9999999352937754,2.009090269852e-09,1,2.009090269852e-09,0,2.009090269852e-09,4.260100179495755e-10
2.01816371325e-09,1,2.01816371325e-09,0,2.01816371325e-09,5.190060714661801e-08,2.01816371325e-09,0.9999998567614062,2.01816371325e-09,1,2.01816371325e-09,0,2.01816371325e-09,-4.677269781555576e-10
2.036310600047e-09,1,2.036310600047e-09,0,2.036310600047e-09,5.605403895535693e-08,2.036310600047e-09,0.9999998416863028,2.036310600047e-09,1,2.036310600047e-09,0,2.036310600047e-09,4.147106795291659e-10
2.072604373639e-09,1,2.072604373639e-09,0,2.072604373639e-09,5.297184259733124e-08,2.072604373639e-09,0.9999998547962392,2.072604373639e-09,1,2.072604373639e-09,0,2.072604373639e-09,-4.667545074064282e-10
2.145191920825e-09,1,2.145191920825e-09,0,2.145191920825e-09,5.576410626685607e-08,2.145191920825e-09,0.9999998419805364,2.145191920825e-09,1,2.145191920825e-09,0,2.145191920825e-09,4.141596174729072e-10
2.290367015197e-09,1,2.290367015197e-09,0,2.290367015197e-09,5.309126645781202e-08,2.290367015197e-09,0.9999998546973144,2.290367015197e-09,1,2.290367015197e-09,0,2.290367015197e-09,-4.664723690512128e-10
2.580717203939e-09,1,2.580717203939e-09,0,2.580717203939e-09,5.571169843294005e-08,2.580717203939e-09,0.9999998420139375,2.580717203939e-09,1,2.580717203939e-09,0,2.580717203939e-09,4.140174394523608e-10
2.99e-09,1,2.99e-09,0,2.99e-09,5.31198520311367e-08,2.99e-09,0.9999998546799439,2.99e-09,1,2.99e-09,0,2.99e-09,-4.663910849218731e-10
2.990005213541e-09,1,2.990005213541e-09,0,2.990005213541e-09,2.042496983320404e-05,2.990005213541e-09,1.00002159341089,2.990005213541e-09,1,2.990005213541e-09,0.0005213541666691376,2.990005213541e-09,8.544689350030483e-07
2.990015640625e-09,1,2.990015640625e-09,0,2.990015640625e-09,6.386244490205791e-05,2.990015640625e-09,1.000068391474954,2.990015640625e-09,1,2.990015640625e-09,0.001564062500007413,2.990015640625e-09,1.319739024656877e-06
2.990036494791e-09,1,2.990036494791e-09,0,2.990036494791e-09,0.0001449189428588141,2.990036494791e-09,1.000158481474072,2.990036494791e-09,1,2.990036494791e-09,0.003649479166683963,2.990036494791e-09,9.976304420835082e-07
2.990078203125e-09,1,2.990078203125e-09,0,2.990078203125e-09,0.0003029647761226176,2.990078203125e-09,1.000335273445242,2.990078203125e-09,1,2.990078203125e-09,0.007820312500037063,2.990078203125e-09,1.247709581507767e-06
2.990161619791e-09,1,2.990161619791e-09,0,2.990161619791e-09,0.0006098979717079082,2.990161619791e-09,1.000681561284611,2.990161619791e-09,1,2.990161619791e-09,0.01616197916674326,2.990161619791e-09,1.036040098721843e-06
2.990328453125e-09,1,2.990328453125e-09,0,2.990328453125e-09,0.001180193371574299,2.990328453125e-09,1.00133890929445,2.990328453125e-09,1,2.990328453125e-09,0.03284531250015567,2.990328453125e-09,1.249222602805308e-06
2.990662119791e-09,1,2.990662119791e-09,0,2.990662119791e-09,0.002173742365105287,2.990662119791e-09,1.00253281719443,2.990662119791e-09,1,2.990662119791e-09,0.06621197916698048,2.990662119791e-09,1.075513712753527e-06
2.991329453125e-09,1,2.991329453125e-09,0,2.991329453125e-09,0.003679533948254993,2.991329453125e-09,1.004510712566174,2.991329453125e-09,1,2.991329453125e-09,0.1329453125006301,2.991329453125e-09,1.31766916556492e-06
2.992664119791e-09,1,2.992664119791e-09,0,2.992664119791e-09,0.00549203799807352,2.992664119791e-09,1.007314277770009,2.992664119791e-09,1,2.992664119791e-09,0.2664119791679293,2.992664119791e-09,1.243408412308771e-06
2.995333453125e-09,1,2.995333453125e-09,0,2.995333453125e-09,0.01014174074936243,2.995333453125e-09,1.00870111079317,2.995333453125e-09,1,2.995333453125e-09,0.5333453125025277,2.995333453125e-09,1.453274013210457e-06
2.998067030861e-09,1,2.998067030861e-09,0,2.998067030861e-09,0.03420494848491183,2.998067030861e-09,0.9749647315636689,2.998067030861e-09,1,2.998067030861e-09,0.8067030861167834,2.998067030861e-09,-6.189968957382936e-06
3e-09,1,3e-09,0,3e-09,0.07539001893131655,3e-09,0.895485501511906,3e-09,1,3e-09,1,3e-09,-1.582334778064224e-05
3.000005213541e-09,1,3.000005213541e-09,0,3.000005213541e-09,0.07549514241795727,3.000005213541e-09,0.8951365678020117,3.000005213541e-09,1,3.000005213541e-09,1,3.000005213541e-09,-1.656717090983584e-05
3.000007820312e-09,1,3.000007820312e-09,0,3.000007820312e-09,0.07554480440842645,3.000007820312e-09,0.8949604180610164,3.000007820312e-09,1,3.000007820312e-09,1,3.000007820312e-09,-1.694640591641954e-05
3.000013033854e-09,1,3.000013033854e-09,0,3.000013033854e-09,0.0756375438142028,3.000013033854e-09,0.8946048136651154,3.000013033854e-09,1,3.000013033854e-09,1,3.000013033854e-09,-1.723352439767012e-05
3.000015640625e-09,1,3.000015640625e-09,0,3.000015640625e-09,0.07568350856511594,3.000015640625e-09,0.8944269934261503,3.000015640625e-09,1,3.000015640625e-09,1,3.000015640625e-09,-1.720489488397472e-05
3.000020854166e-09,1,3.000020854166e-09,0,3.000020854166e-09,0.07577543450005661,3.000020854166e-09,0.8940715196039993,3.000020854166e-09,1,3.000020854166e-09,1,3.000020854166e-09,-1.722481553930449e-05
3.00003128125e-09,1,3.00003128125e-09,0,3.00003128125e-09,0.07595943738272823,3.00003128125e-09,0.8933610915000585,3.00003128125e-09,1,3.00003128125e-09,1,3.00003128125e-09,-1.722172858917688e-05
3.000052135416e-09,1,3.000052135416e-09,0,3.000052135416e-09,0.07632786701332882,3.000052135416e-09,0.8919412562048034,3.000052135416e-09,1,3.000052135416e-09,1,3.000052135416e-09,-1.725632285814695e-05
3.00009384375e-09,1,3.00009384375e-09,0,3.00009384375e-09,0.07706652059937071,3.00009384375e-09,0.8891052053096122,3.00009384375e-09,1,3.00009384375e-09,1,3.00009384375e-09,-1.72947744950058e-05
3.000177260416e-09,1,3.000177260416e-09,0,3.000177260416e-09,0.07855156994186452,3.000177260416e-09,0.883448636770886,3.000177260416e-09,1,3.000177260416e-09,1,3.000177260416e-09,-1.739919789112865e-05
3.00034409375e-09,1,3.00034409375e-09,0,3.00034409375e-09,0.08155726656195657,3.00034409375e-09,0.8722057403644694,3.00034409375e-09,1,3.00034409375e-09,1,3.00034409375e-09,-1.757859535737749e-05
3.000677760416e-09,1,3.000677760416e-09,0,3.000677760416e-09,0.08774089052635425,3.000677760416e-09,0.850054054311549,3.000677760416e-09,1,3.000677760416e-09,1,3.000677760416e-09,-1.794670401716821e-05
3.00134509375e-09,1,3.00134509375e-09,0,3.00134509375e-09,0.1009372041342857,3.00134509375e-09,0.8072277502137162,3.00134509375e-09,1,3.00134509375e-09,1,3.00134509375e-09,-1.845240899277235e-05
3.002679760416e-09,1,3.002679760416e-09,0,3.002679760416e-09,0.1306551487521757,3.002679760416e-09,0.7259875772890617,3.002679760416e-09,1,3.002679760416e-09,1,3.002679760416e-09,-1.826741662455068e-05
3.004836014256e-09,1,3.004836014256e-09,0,3.004836014256e-09,0.1810308486917743,3.004836014256e-09,0.5985098081440194,3.004836014256e-09,1,3.004836014256e-09,1,3.004836014256e-09,-1.688545582738844e-05
3.006896783283e-09,1,3.006896783283e-09,0,3.006896783283e-09,0.2226000990153989,3.006896783283e-09,0.4756175952766752,3.006896783283e-09,1,3.006896783283e-09,1,3.006896783283e-09,-1.709587841341026e-05
3.009220313292e-09,1,3.009220313292e-09,0,3.009220313292e-09,0.2647431833288104,3.009220313292e-09,0.3427403619835028,3.009220313292e-09,1,3.009220313292e-09,1,3.009220313292e-09,-1.953269229720381e-05
3.012073742254e-09,1,3.012073742254e-09,0,3.012073742254e-09,0.3346353246078136,3.012073742254e-09,0.204584953399935,3.012073742254e-09,1,3.012073742254e-09,1,3.012073742254e-09,-2.188908527570327e-05
3.014253485438e-09,1,3.014253485438e-09,0,3.014253485438e-09,0.4122888974328326,3.014253485438e-09,0.1277833407420781,3.014253485438e-09,1,3.014253485438e-09,1,3.014253485438e-09,-2.136617770880191e-05
3.016876970063e-09,1,3.016876970063e-09,0,3.016876970063e-09,0.5325660724117299,3.016876970063e-09,0.07208951550998344,3.016876970063e-09,1,3.016876970063e-09,1,3.016876970063e-09,-2.022077266552335e-05
3.018984754421e-09,1,3.018984754421e-09,0,3.018984754421e-09,0.6391486596271122,3.018984754421e-09,0.04756298192303987,3.018984754421e-09,1,3.018984754421e-09,1,3.018984754421e-09,-1.950541298157852e-05
3.021439615961e-09,1,3.021439615961e-09,0,3.021439615961e-09,0.7538257580808997,3.021439615961e-09,0.03086105195148966,3.021439615961e-09,1,3.021439615961e-09,1,3.021439615961e-09,-1.661194029417317e-05
3.023553117884e-09,1,3.023553117884e-09,0,3.023553117884e-09,0.8344409265908854,3.023553117884e-09,0.02100992418732374,3.023553117884e-09,1,3.023553117884e-09,1,3.023553117884e-09,-1.337089333544505e-05
3.026054893068e-09,1,3.026054893068e-09,0,3.026054893068e-09,0.9011978967906923,3.026054893068e-09,0.01258657962908511,3.026054893068e-09,1,3.026054893068e-09,1,3.026054893068e-09,-8.249063354513455e-06
3.0290979063e-09,1,3.0290979063e-09,0,3.0290979063e-09,0.9482093697338322,3.0290979063e-09,0.006383894045300098,3.0290979063e-09,1,3.0290979063e-09,1,3.0290979063e-09,-4.743047029976221e-06
3.032531718992e-09,1,3.032531718992e-09,0,3.032531718992e-09,0.9754615151684202,3.032531718992e-09,0.002952759690631948,3.032531718992e-09,1,3.032531718992e-09,1,3.032531718992e-09,-2.049527321152087e-06
3.035459762571e-09,1,3.035459762571e-09,0,3.035459762571e-09,0.9870621719218631,3.035459762571e-09,0.001558224360974623,3.035459762571e-09,1,3.035459762571e-09,1,3.035459762571e-09,-1.357973039159591e-06
3.038950515844e-09,1,3.038950515844e-09,0,3.038950515844e-09,0.9940691259964186,3.038950515844e-09,0.0007125869168935816,3.038950515844e-09,1,3.038950515844e-09,1,3.038950515844e-09,-3.761135398246524e-07
3.043157171868e-09,1,3.043157171868e-09,0,3.043157171868e-09,0.9977487223223325,3.043157171868e-09,0.0002719291817534552,3.043157171868e-09,1,3.043157171868e-09,1,3.043157171868e-09,-3.799694435668075e-07
3.048620053007e-09,1,3.048620053007e-09,0,3.048620053007e-09,0.9994101805079656,3.048620053007e-09,7.007239561851037e-05,3.048620053007e-09,1,3.048620053007e-09,1,3.048620053007e-09,1.160577405977831e-07
3.055738857066e-09,1,3.055738857066e-09,0,3.055738857066e-09,0.9999213855805623,3.055738857066e-09,1.041529022406343e-05,3.055738857066e-09,1,3.055738857066e-09,1,3.055738857066e-09,-1.779265160681407e-07
3.065731009132e-09,1,3.065731009132e-09,0,3.065731009132e-09,1.000002448226604,3.065731009132e-09,-1.174408914721096e-06,3.065731009132e-09,1,3.065731009132e-09,1,3.065731009132e-09,1.705876585930542e-07
3.081181148243e-09,1,3.081181148243e-09,0,3.081181148243e-09,0.9999995980359868,3.081181148243e-09,9.147134658444934e-07,3.081181148243e-09,1,3.081181148243e-09,1,3.081181148243e-09,-1.703071656602483e-07
3.109517598451e-09,1,3.109517598451e-09,0,3.109517598451e-09,0.9999997896831001,3.109517598451e-09,-7.889667823704376e-07,3.109517598451e-09,1,3.109517598451e-09,1,3.109517598451e-09,1.701685440558255e-07
3.166190498868e-09,1,3.166190498868e-09,0,3.166190498868e-09,1.000000075012936,3.166190498868e-09,8.002889549790327e-07,3.166190498868e-09,1,3.166190498868e-09,1,3.166190498868e-09,-1.70173730341627e-07
3.2795362997e-09,1,3.2795362997e-09,0,3.2795362997e-09,0.9999996503118691,3.2795362997e-09,-6.750213976046596e-07,3.2795362997e-09,1,3.2795362997e-09,1,3.2795362997e-09,1.701126877176956e-07
3.506227901366e-09,1,3.506227901366e-09,0,3.506227901366e-09,1.000000113737542,3.506227901366e-09,6.538179043920051e-07,3.506227901366e-09,1,3.506227901366e-09,1,3.506227901366e-09,-1.701497914221906e-07
3.959611104696e-09,1,3.959611104696e-09,0,3.959611104696e-09,0.9999996476061972,3.959611104696e-09,-5.192411049455476e-07,3.959611104696e-09,1,3.959611104696e-09,1,3.959611104696e-09,1.701031385653646e-07
4.559611104696e-09,1,4.559611104696e-09,0,4.559611104696e-09,1.000000104173723,4.559611104696e-09,4.999164407580931e-07,4.559611104696e-09,1,4.559611104696e-09,1,4.559611104696e-09,-1.701458617693373e-07
5.159611104695999e-09,1,5.159611104695999e-09,0,5.159611104695999e-09,0.9999996505979292,5.159611104695999e-09,-4.312341643675156e-07,5.159611104695999e-09,1,5.159611104695999e-09,1,5.159611104695999e-09,1.700991505616729e-07
5.759611104696e-09,1,5.759611104696e-09,0,5.759611104696e-09,1.000000111745142,5.759611104696e-09,4.885627949681229e-07,5.759611104696e-09,1,5.759611104696e-09,1,5.759611104696e-09,-1.701404754596853e-07
5.999999999999999e-09,1,5.999999999999999e-09,0,5.999999999999999e-09,0.9999996355867332,5.999999999999999e-09,-4.304213729978473e-07,5.999999999999999e-09,1,5.999999999999999e-09,1,5.999999999999999e-09,1.700898294203528e-07
6.000005213541e-09,1,6.000005213541e-09,0,6.000005213541e-09,0.9999726898858191,6.000005213541e-09,-4.10066320550756e-05,6.000005213541e-09,1,6.000005213541e-09,0.9994786458333722,6.000005213541e-09,-1.450655694189443e-06
6.000015640625e-09,1,6.000015640625e-09,0,6.000015640625e-09,0.9999102770608023,6.000015640625e-09,-0.0001389988224393038,6.000015640625e-09,1,6.000015640625e-09,0.9984359375001166,6.000015640625e-09,-2.68612310123486e-06
6.000020854165999e-09,1,6.000020854165999e-09,0,6.000020854165999e-09,0.9998779091664605,6.000020854165999e-09,-0.0001909736676344547,6.000020854165999e-09,1,6.000020854165999e-09,0.9979145833334888,6.000020854165999e-09,-2.325526802852629e-06
6.000031281248999e-09,1,6.000031281248999e-09,0,6.000031281248999e-09,0.9998163594710966,6.000031281248999e-09,-0.0002880613810429113,6.000031281248999e-09,1,6.000031281248999e-09,0.9968718750002332,6.000031281248999e-09,-2.303896636134019e-06
6.000052135415999e-09,1,6.000052135415999e-09,0,6.000052135415999e-09,0.9996934628835193,6.000052135415999e-09,-0.000481751050846605,6.000052135415999e-09,1,6.000052135415999e-09,0.994786458333722,6.000052135415999e-09,-2.290044879360532e-06
6.000093843749e-09,1,6.000093843749e-09,0,6.000093843749e-09,0.9994533075328804,6.000093843749e-09,-0.0008577351277850966,6.000093843749e-09,1,6.000093843749e-09,0.9906156250006996,6.000093843749e-09,-2.249530658629504e-06
6.000177260415999e-09,1,6.000177260415999e-09,0,6.000177260415999e-09,0.9989909837294337,6.000177260415999e-09,-0.001572455460777054,6.000177260415999e-09,1,6.000177260415999e-09,0.9822739583346548,6.000177260415999e-09,-2.188551347936281e-06
6.000344093748999e-09,1,6.000344093748999e-09,0,6.000344093748999e-09,0.9981355524508057,6.000344093748999e-09,-0.002861939516803329,6.000344093748999e-09,1,6.000344093748999e-09,0.9655906250025652,6.000344093748999e-09,-2.068622861963981e-06
6.000677760416e-09,1,6.000677760416e-09,0,6.000677760416e-09,0.9966574241836151,6.000677760416e-09,-0.004983229526347986,6.000677760416e-09,1,6.000677760416e-09,0.932223958338386,6.000677760416e-09,-1.904110923748209e-06
6.001345093749e-09,1,6.001345093749e-09,0,6.001345093749e-09,0.9943927719549802,6.001345093749e-09,-0.007952161874006738,6.001345093749e-09,1,6.001345093749e-09,0.8654906250100276,6.001345093749e-09,-1.716694798044838e-06
6.002679760415999e-09,1,6.002679760415999e-09,0,6.002679760415999e-09,0.9915027626888538,6.002679760415999e-09,-0.01128085492489248,6.002679760415999e-09,1,6.002679760415999e-09,0.7320239583533108,6.002679760415999e-09,-1.654518100361797e-06
6.004502397986e-09,1,6.004502397986e-09,0,6.004502397986e-09,0.9895240300883521,6.004502397986e-09,-0.01301124234057062,6.004502397986e-09,1,6.004502397986e-09,0.5497602013580764,6.004502397986e-09,-1.585167201860233e-06
6.007169602739999e-09,1,6.007169602739999e-09,0,6.007169602739999e-09,0.9891784559829753,6.007169602739999e-09,-0.01006537179254506,6.007169602739999e-09,1,6.007169602739999e-09,0.2830397259136077,6.007169602739999e-09,-1.114262189015139e-06
6.008584801369999e-09,1,6.008584801369999e-09,0,6.008584801369999e-09,0.9891811124065287,6.008584801369999e-09,-0.008153072120321167,6.008584801369999e-09,1,6.008584801369999e-09,0.1415198629568039,6.008584801369999e-09,-1.510265284608305e-06
6.01e-09,1,6.01e-09,0,6.01e-09,0.9889224006536232,6.01e-09,-0.007187260004713862,6.01e-09,1,6.01e-09,0,6.01e-09,-1.367035445632246e-06
6.010001303384999e-09,1,6.010001303384999e-09,0,6.010001303384999e-09,0.9889264613181681,6.010001303384999e-09,-0.007182553258125811,6.010001303384999e-09,1,6.010001303384999e-09,0,6.010001303384999e-09,-9.458738646230786e-07
6.010003910156e-09,1,6.010003910156e-09,0,6.010003910156e-09,0.988937043277991,6.010003910156e-09,-0.007170534196436741,6.010003910156e-09,1,6.010003910156e-09,0,6.010003910156e-09,-2.678077596162171e-07
6.010005213540999e-09,1,6.010005213540999e-09,0,6.010005213540999e-09,0.9889431777320715,6.010005213540999e-09,-0.007163445655312568,6.010005213540999e-09,1,6.010005213540999e-09,0,6.010005213540999e-09,-1.373451180912366e-07
6.010007820312e-09,1,6.010007820312e-09,0,6.010007820312e-09,0.9889544235101128,6.010007820312e-09,-0.007150036465409943,6.010007820312e-09,1,6.010007820312e-09,0,6.010007820312e-09,-1.069702497366884e-07
6.010013033853999e-09,1,6.010013033853999e-09,0,6.010013033853999e-09,0.9889759526473177,6.010013033853999e-09,-0.007124282812720019,6.010013033853999e-09,1,6.010013033853999e-09,0,6.010013033853999e-09,-9.542260880443667e-08
6.010023460936999e-09,1,6.010023460936999e-09,0,6.010023460936999e-09,0.9890179359214684,6.010023460936999e-09,-0.007074025672822957,6.010023460936999e-09,1,6.010023460936999e-09,0,6.010023460936999e-09,-1.288652557996642e-07
6.010044315103999e-09,1,6.010044315103999e-09,0,6.010044315103999e-09,0.9891010271165611,6.010044315103999e-09,-0.006974836492532963,6.010044315103999e-09,1,6.010044315103999e-09,0,6.010044315103999e-09,-1.220398424485507e-07
6.010086023436999e-09,1,6.010086023436999e-09,0,6.010086023436999e-09,0.9892647875970325,6.010086023436999e-09,-0.006780191128556592,6.010086023436999e-09,1,6.010086023436999e-09,0,6.010086023436999e-09,-1.376246348449556e-07
6.010169440103999e-09,1,6.010169440103999e-09,0,6.010169440103999e-09,0.9895829872358373,6.010169440103999e-09,-0.006405620580159919,6.010169440103999e-09,1,6.010169440103999e-09,0,6.010169440103999e-09,-1.419977632373973e-07
6.010336273437e-09,1,6.010336273437e-09,0,6.010336273437e-09,0.9901840105998894,6.010336273437e-09,-0.005711721282220163,6.010336273437e-09,1,6.010336273437e-09,0,6.010336273437e-09,-1.729409521818724e-07
6.010669940104e-09,1,6.010669940104e-09,0,6.010669940104e-09,0.9912592001294381,6.010669940104e-09,-0.004519955507036156,6.010669940104e-09,1,6.010669940104e-09,0,6.010669940104e-09,-2.011934723107508e-07
6.011337273437e-09,1,6.011337273437e-09,0,6.011337273437e-09,0.9929972279842857,6.011337273437e-09,-0.00275675460998109,6.011337273437e-09,1,6.011337273437e-09,0,6.011337273437e-09,-2.526113228270274e-07
6.012671940102999e-09,1,6.012671940102999e-09,0,6.012671940102999e-09,0.9953496221091045,6.012671940102999e-09,-0.000818083185687824,6.012671940102999e-09,1,6.012671940102999e-09,0,6.012671940102999e-09,-2.607185723617549e-07
6.015238075166999e-09,1,6.015238075166999e-09,0,6.015238075166999e-09,0.997672432313206,6.015238075166999e-09,0.0002474452511599865,6.015238075166999e-09,1,6.015238075166999e-09,0,6.015238075166999e-09,-2.088361973287769e-07
6.018468271104e-09,1,6.018468271104e-09,0,6.018468271104e-09,0.9988990676227171,6.018468271104e-09,0.0002363084084912182,6.018468271104e-09,1,6.018468271104e-09,0,6.018468271104e-09,-9.517191095024359e-08
6.022935636591999e-09,1,6.022935636591999e-09,0,6.022935636591999e-09,0.9996022186010317,6.022935636591999e-09,9.661676337577546e-05,6.022935636591999e-09,1,6.022935636591999e-09,0,6.022935636591999e-09,-4.806483369371842e-08
6.030063975138e-09,1,6.030063975138e-09,0,6.030063975138e-09,0.9999430631904005,6.030063975138e-09,1.54580805552731e-05,6.030063975138e-09,1,6.030063975138e-09,0,6.030063975138e-09,3.587158903622115e-09
6.042333522592999e-09,1,6.042333522592999e-09,0,6.042333522592999e-09,1.000010033198941,6.042333522592999e-09,-3.142729549857461e-06,6.042333522592999e-09,1,6.042333522592999e-09,0,6.042333522592999e-09,-8.814723516642761e-09
6.062298618502e-09,1,6.062298618502e-09,0,6.062298618502e-09,0.9999985330359267,6.062298618502e-09,7.883989582756971e-07,6.062298618502e-09,1,6.062298618502e-09,0,6.062298618502e-09,9.356579949547972e-09
6.098569780827e-09,1,6.098569780827e-09,0,6.098569780827e-09,1.000000578845119,6.098569780827e-09,-4.721314710014391e-07,6.098569780827e-09,1,6.098569780827e-09,0,6.098569780827e-09,-9.473085220971621e-09
6.171112105477999e-09,1,6.171112105477999e-09,0,6.171112105477999e-09,0.9999993615550885,6.171112105477999e-09,4.825137476838969e-07,6.171112105477999e-09,1,6.171112105477999e-09,0,6.171112105477999e-09,9.449697790260006e-09
6.316196754777999e-09,1,6.316196754777999e-09,0,6.316196754777999e-09,1.000000311604264,6.316196754777999e-09,-3.661070449082778e-07,6.316196754777999e-09,1,6.316196754777999e-09,0,6.316196754777999e-09,-9.503712177208937e-09
6.60636605338e-09,1,6.60636605338e-09,0,6.60636605338e-09,0.9999994740841956,6.60636605338e-09,4.358125802337672e-07,6.60636605338e-09,1,6.60636605338e-09,0,6.60636605338e-09,9.46271082385963e-09
6.999999999999999e-09,1,6.999999999999999e-09,0,6.999999999999999e-09,1.000000252117854,6.999999999999999e-09,-3.40748667663771e-07,6.999999999999999e-09,1,6.999999999999999e-09,0,6.999999999999999e-09,-9.510608816024228e-09
7.599999999999999e-09,1,7.599999999999999e-09,0,7.599999999999999e-09,0.9999998791681419,7.599999999999999e-09,4.061588068301166e-08,7.599999999999999e-09,1,7.599999999999999e-09,0,7.599999999999999e-09,-2.208110707269279e-11
8.199999999999999e-09,1,8.199999999999999e-09,0,8.199999999999999e-09,0.9999998717402625,8.199999999999999e-09,4.382070623826544e-08,8.199999999999999e-09,1,8.199999999999999e-09,0,8.199999999999999e-09,-2.29776127088039e-11
8.799999999999999e-09,1,8.799999999999999e-09,0,8.799999999999999e-09,0.9999998787792452,8.799999999999999e-09,4.072888554757223e-08,8.799999999999999e-09,1,8.799999999999999e-09,0,8.799999999999999e-09,-2.210526563536109e-11
8.99e-09,1,8.99e-09,0,8.99e-09,0.9999998723343471,8.99e-09,4.366308974295605e-08,8.99e-09,1,8.99e-09,0,8.99e-09,-2.293253039876877e-11
8.990083416665998e-09,1,8.990083416665998e-09,0.008341666666706547,8.990083416665998e-09,1.000000024581754,8.990083416665998e-09,5.89438261091832e-07,8.990083416665998e-09,1,8.990083416665998e-09,0,8.990083416665998e-09,1.081491437510357e-09
8.990250249999999e-09,1,8.990250249999999e-09,0.02502500000011964,8.990250249999999e-09,0.9999999666336364,8.990250249999999e-09,3.875007717662801e-07,8.990250249999999e-09,1,8.990250249999999e-09,0,8.990250249999999e-09,-1.450191873088912e-09
8.990583916665999e-09,1,8.990583916665999e-09,0.05839166666694583,8.990583916665999e-09,0.9999998954686932,8.990583916665999e-09,1.884490619623417e-07,8.990583916665999e-09,1,8.990583916665999e-09,0,8.990583916665999e-09,1.17484433267512e-09
8.991152484267999e-09,1,8.991152484267999e-09,0.1152484268267318,8.991152484267999e-09,0.9999998824481182,8.991152484267999e-09,1.133042878671505e-07,8.991152484267999e-09,1,8.991152484267999e-09,0,8.991152484267999e-09,-1.242140333697064e-09
8.992289619471e-09,1,8.992289619471e-09,0.2289619471463038,8.992289619471e-09,0.999999828127073,8.992289619471e-09,-1.330774692337188e-08,8.992289619471e-09,1,8.992289619471e-09,0,8.992289619471e-09,1.156656168035102e-09
8.994563889876999e-09,1,8.994563889876999e-09,0.4563889877854477,8.994563889876999e-09,0.9999998549011213,8.994563889876999e-09,-9.091279849652415e-09,8.994563889876999e-09,1,8.994563889876999e-09,0,8.994563889876999e-09,-1.202481775492033e-09
8.997281944938e-09,1,8.997281944938e-09,0.7281944938928065,8.997281944938e-09,0.9999998496361185,8.997281944938e-09,-5.109827989973018e-09,8.997281944938e-09,1,8.997281944938e-09,0,8.997281944938e-09,1.153977477492577e-09
9e-09,1,9e-09,1,9e-09,0.9999998821662932,9e-09,5.302366100185531e-08,9e-09,1,9e-09,0,9e-09,-1.18935792667721e-09
9.000083416666e-09,1,9.000083416666e-09,1,9.000083416666e-09,0.9999996269616511,9.000083416666e-09,-7.743701380419595e-07,9.000083416666e-09,1,9.000083416666e-09,0,9.000083416666e-09,-1.779119541019443e-09
9.000250249999999e-09,1,9.000250249999999e-09,1,9.000250249999999e-09,0.9999996456028155,9.000250249999999e-09,-7.182554610185454e-07,9.000250249999999e-09,1,9.000250249999999e-09,0,9.000250249999999e-09,1.723694429769296e-09
9.000271104165999e-09,1,9.000271104165999e-09,1,9.000271104165999e-09,0.999999664162872,9.000271104165999e-09,-6.828398406402987e-07,9.000271104165999e-09,1,9.000271104165999e-09,0,9.000271104165999e-09,-7.464669156651142e-10
9.000312812499999e-09,1,9.000312812499999e-09,1,9.000312812499999e-09,0.9999996591490976,9.000312812499999e-09,-6.930688906359471e-07,9.000312812499999e-09,1,9.000312812499999e-09,0,9.000312812499999e-09,4.865887805389309e-10
9.000396229166e-09,1,9.000396229166e-09,1,9.000396229166e-09,0.9999996854842025,9.000396229166e-09,-6.306021320290211e-07,9.000396229166e-09,1,9.000396229166e-09,0,9.000396229166e-09,-2.811605408541655e-10
9.000563062499999e-09,1,9.000563062499999e-09,1,9.000563062499999e-09,0.9999997024049289,9.000563062499999e-09,-5.920774613017858e-07,9.000563062499999e-09,1,9.000563062499999e-09,0,9.000563062499999e-09,2.806002098996701e-10
9.000896729165999e-09,1,9.000896729165999e-09,1,9.000896729165999e-09,0.9999997593398696,9.000896729165999e-09,-4.533207077181478e-07,9.000896729165999e-09,1,9.000896729165999e-09,0,9.000896729165999e-09,-2.02035832687201e-10
9.001564062499999e-09,1,9.001564062499999e-09,1,9.001564062499999e-09,0.9999998162719513,9.001564062499999e-09,-3.102218247901703e-07,9.001564062499999e-09,1,9.001564062499999e-09,0,9.001564062499999e-09,2.170652916768157e-10
9.002898729165998e-09,1,9.002898729165998e-09,1,9.002898729165998e-09,0.9999998942311298,9.002898729165998e-09,-9.023289850873415e-08,9.002898729165998e-09,1,9.002898729165998e-09,0,9.002898729165998e-09,-2.069845337779379e-10
9.0055680625e-09,1,9.0055680625e-09,1,9.0055680625e-09,0.9999999095588594,9.0055680625e-09,1.436662683075541e-08,9.0055680625e-09,1,9.0055680625e-09,0,9.0055680625e-09,1.803304526481383e-10
9.010906729165998e-09,1,9.010906729165998e-09,1,9.010906729165998e-09,0.9999998947668869,9.010906729165998e-09,6.592716087106734e-08,9.010906729165998e-09,1,9.010906729165998e-09,0,9.010906729165998e-09,-2.172870896843386e-10
9.0215840625e-09,1,9.0215840625e-09,1,9.0215840625e-09,0.9999998694583209,9.0215840625e-09,4.115919714284289e-08,9.0215840625e-09,1,9.0215840625e-09,0,9.0215840625e-09,1.72573049232575e-10
9.042938729165999e-09,1,9.042938729165999e-09,1,9.042938729165999e-09,0.9999998806728621,9.042938729165999e-09,6.734679228225773e-08,9.042938729165999e-09,1,9.042938729165999e-09,0,9.042938729165999e-09,-2.172654687202873e-10
9.0856480625e-09,1,9.0856480625e-09,1,9.0856480625e-09,0.9999998703143291,9.0856480625e-09,4.159521647884127e-08,9.0856480625e-09,1,9.0856480625e-09,0,9.0856480625e-09,1.719935645414116e-10
9.171066729166998e-09,1,9.171066729166998e-09,1,9.171066729166998e-09,0.9999998804072587,9.171066729166998e-09,6.716679538818511e-08,9.171066729166998e-09,1,9.171066729166998e-09,0,9.171066729166998e-09,-2.169638157651233e-10
9.341904062500999e-09,1,9.341904062500999e-09,1,9.341904062500999e-09,0.9999998704028992,9.341904062500999e-09,4.167969786088243e-08,9.341904062500999e-09,1,9.341904062500999e-09,0,9.341904062500999e-09,1.718413054366849e-10
9.683578729169e-09,1,9.683578729169e-09,1,9.683578729169e-09,0.9999998803674011,9.683578729169e-09,6.712727889494762e-08,9.683578729169e-09,1,9.683578729169e-09,0,9.683578729169e-09,-2.168874918729925e-10
1.0283578729169e-08,1,1.0283578729169e-08,1,1.0283578729169e-08,0.9999998704227512,1.0283578729169e-08,4.169994304727305e-08,1.0283578729169e-08,1,1.0283578729169e-08,0,1.0283578729169e-08,1.718013413653537e-10
1.0883578729169e-08,1,1.0883578729169e-08,1,1.0883578729169e-08,0.9999998803778577,1.0883578729169e-08,6.716138063002663e-08,1.0883578729169e-08,1,1.0883578729169e-08,0,1.0883578729169e-08,-2.168551257313283e-10
1.1483578729169e-08,1,1.1483578729169e-08,1,1.1483578729169e-08,0.999999870405336,1.1483578729169e-08,4.166132581966685e-08,1.1483578729169e-08,1,1.1483578729169e-08,0,1.1483578729169e-08,1.717679857525763e-10
1.2e-08,1,1.2e-08,1,1.2e-08,0.9999998803730376,1.2e-08,6.715257144992876e-08,1.2e-08,1,1.2e-08,0,1.2e-08,-2.168222580375585e-10
1.26e-08,1,1.26e-08,1,1.26e-08,0.9999998753933061,1.26e-08,5.441181854965838e-08,1.26e-08,1,1.26e-08,0,1.26e-08,-2.253945681492254e-11
1.299e-08,1,1.299e-08,1,1.299e-08,0.99999987538978,1.299e-08,5.440819944076116e-08,1.299e-08,1,1.299e-08,0,1.299e-08,-2.253219435257241e-11
1.2990005213541e-08,1,1.2990005213541e-08,1,1.2990005213541e-08,1.000021663944065,1.2990005213541e-08,2.043230571634204e-05,1.2990005213541e-08,1,1.2990005213541e-08,0.0005213541666278001,1.2990005213541e-08,8.558503209462179e-07
1.2990015640625e-08,1,1.2990015640625e-08,1,1.2990015640625e-08,1.000068475402255,1.2990015640625e-08,6.387779445114129e-05,1.2990015640625e-08,1,1.2990015640625e-08,0.0015640624998834,1.2990015640625e-08,1.319514109297624e-06
1.2990036494791e-08,1,1.2990036494791e-08,1,1.2990036494791e-08,1.000158553869711,1.2990036494791e-08,0.0001449328901100636,1.2990036494791e-08,1,1.2990036494791e-08,0.003649479166394601,1.2990036494791e-08,9.976971081690236e-07
1.2990078203124e-08,1,1.2990078203124e-08,1,1.2990078203124e-08,1.000335354682253,1.2990078203124e-08,0.0003029784026085066,1.2990078203124e-08,1,1.2990078203124e-08,0.007820312499417002,1.2990078203124e-08,1.247705707906143e-06
1.2990161619791e-08,1,1.2990161619791e-08,1,1.2990161619791e-08,1.000681633187553,1.2990161619791e-08,0.0006099110939988742,1.2990161619791e-08,1,1.2990161619791e-08,0.0161619791654618,1.2990161619791e-08,1.036041387031357e-06
1.2990328453124e-08,1,1.2990328453124e-08,1,1.2990328453124e-08,1.001338988291352,1.2990328453124e-08,0.00118020494819935,1.2990328453124e-08,1,1.2990328453124e-08,0.0328453124975514,1.2990328453124e-08,1.24924587617923e-06
1.2990662119791e-08,1,1.2990662119791e-08,1,1.2990662119791e-08,1.002532890352245,1.2990662119791e-08,0.002173753205218543,1.2990662119791e-08,1,1.2990662119791e-08,0.06621197916173062,1.2990662119791e-08,1.075508475138533e-06
1.2991329453124e-08,1,1.2991329453124e-08,1,1.2991329453124e-08,1.004510872809644,1.2991329453124e-08,0.003679560550594315,1.2991329453124e-08,1,1.2991329453124e-08,0.132945312490089,1.2991329453124e-08,1.317750519433943e-06
1.2992664119791e-08,1,1.2992664119791e-08,1,1.2992664119791e-08,1.007321255640117,1.2992664119791e-08,0.005493494896826175,1.2992664119791e-08,1,1.2992664119791e-08,0.2664119791468059,1.2992664119791e-08,1.246139511032204e-06
1.2995333453124e-08,1,1.2995333453124e-08,1,1.2995333453124e-08,1.011281541470715,1.2995333453124e-08,0.0105574434570604,1.2995333453124e-08,1,1.2995333453124e-08,0.5333453124602395,1.2995333453124e-08,2.138425404619313e-06
1.2998008594757e-08,1,1.2998008594757e-08,1,1.2998008594757e-08,1.018977236168256,1.2998008594757e-08,0.03833684691099357,1.2998008594757e-08,1,1.2998008594757e-08,0.8008594757091475,1.2998008594757e-08,4.981947039733602e-06
1.2999123008988e-08,1,1.2999123008988e-08,1,1.2999123008988e-08,1.024094280286914,1.2999123008988e-08,0.06114536438673074,1.2999123008988e-08,1,1.2999123008988e-08,0.9123008988210713,1.2999123008988e-08,6.332074099915001e-06
1.2999561504494e-08,1,1.2999561504494e-08,1,1.2999561504494e-08,1.026421894251621,1.2999561504494e-08,0.07236286750222438,1.2999561504494e-08,1,1.2999561504494e-08,0.9561504494106184,1.2999561504494e-08,7.071138583109439e-06
1.3e-08,1,1.3e-08,1,1.3e-08,1.028828598883125,1.3e-08,0.08461111686160717,1.3e-08,1,1.3e-08,1,1.3e-08,7.333744191672927e-06
1.3000001303385e-08,1,1.3000001303385e-08,1,1.3000001303385e-08,1.028830573552677,1.3000001303385e-08,0.08464083744453595,1.3000001303385e-08,1,1.3000001303385e-08,1,1.3000001303385e-08,6.679011028670142e-06
1.3000001955078e-08,1,1.3000001955078e-08,1,1.3000001955078e-08,1.0288310960617,1.3000001955078e-08,0.08465495114192269,1.3000001955078e-08,1,1.3000001955078e-08,1,1.3000001955078e-08,6.330210394804565e-06
1.3000003258463e-08,1,1.3000003258463e-08,1,1.3000003258463e-08,1.028830540625656,1.3000003258463e-08,0.08468016269168226,1.3000003258463e-08,1,1.3000003258463e-08,1,1.3000003258463e-08,5.753213009312417e-06
1.3000005865234e-08,1,1.3000005865234e-08,1,1.3000005865234e-08,1.028827472089756,1.3000005865234e-08,0.08472583926598606,1.3000005865234e-08,1,1.3000005865234e-08,1,1.3000005865234e-08,5.24889004082667e-06
1.3000007168619e-08,1,1.3000007168619e-08,1,1.3000007168619e-08,1.028825619760531,1.3000007168619e-08,0.08474777582150732,1.3000007168619e-08,1,1.3000007168619e-08,1,1.3000007168619e-08,5.172660919809532e-06
1.300000977539e-08,1,1.300000977539e-08,1,1.300000977539e-08,1.028821909696472,1.300000977539e-08,0.08479146764155955,1.300000977539e-08,1,1.300000977539e-08,1,1.300000977539e-08,5.091247955929495e-06
1.3000014988932e-08,1,1.3000014988932e-08,1,1.3000014988932e-08,1.02881457586839,1.3000014988932e-08,0.08487862432792699,1.3000014988932e-08,1,1.3000014988932e-08,1,1.3000014988932e-08,5.049128538239325e-06
1.3000025416015e-08,1,1.3000025416015e-08,1,1.3000025416015e-08,1.02880001498643,1.3000025416015e-08,0.08505237579038451,1.3000025416015e-08,1,1.3000025416015e-08,1,1.3000025416015e-08,5.036902999067001e-06
1.3000046270182e-08,1,1.3000046270182e-08,1,1.3000046270182e-08,1.028770270256996,1.3000046270182e-08,0.08539678752112906,1.3000046270182e-08,1,1.3000046270182e-08,1,1.3000046270182e-08,5.000766396323251e-06
1.3000087978515e-08,1,1.3000087978515e-08,1,1.3000087978515e-08,1.028707404729444,1.3000087978515e-08,0.0860725351558457,1.3000087978515e-08,1,1.3000087978515e-08,1,1.3000087978515e-08,4.92738378945644e-06
1.3000171395182e-08,1,1.3000171395182e-08,1,1.3000171395182e-08,1.028568985334603,1.3000171395182e-08,0.08737368653956169,1.3000171395182e-08,1,1.3000171395182e-08,1,1.3000171395182e-08,4.787319743590656e-06
1.3000338228515e-08,1,1.3000338228515e-08,1,1.3000338228515e-08,1.02824641073075,1.3000338228515e-08,0.08978771734185825,1.3000338228515e-08,1,1.3000338228515e-08,1,1.3000338228515e-08,4.521725942274804e-06
1.3000671895182e-08,1,1.3000671895182e-08,1,1.3000671895182e-08,1.027453613268022,1.3000671895182e-08,0.0939564612933342,1.3000671895182e-08,1,1.3000671895182e-08,1,1.3000671895182e-08,4.051794495094772e-06
1.3001339228516e-08,1,1.3001339228516e-08,1,1.3001339228516e-08,1.025490782290685,1.3001339228516e-08,0.100249972592786,1.3001339228516e-08,1,1.3001339228516e-08,1,1.3001339228516e-08,3.297966004810618e-06
1.3002673895183e-08,1,1.3002673895183e-08,1,1.3002673895183e-08,1.021067612869927,1.3002673895183e-08,0.1077419597885804,1.3002673895183e-08,1,1.3002673895183e-08,1,1.3002673895183e-08,2.286232927097405e-06
1.3004384374457e-08,1,1.3004384374457e-08,1,1.3004384374457e-08,1.015778602180633,1.3004384374457e-08,0.1122495045670903,1.3004384374457e-08,1,1.3004384374457e-08,1,1.3004384374457e-08,1.533410733747381e-06
1.3006529717642e-08,1,1.3006529717642e-08,1,1.3006529717642e-08,1.010688806587986,1.3006529717642e-08,0.1149579729444608,1.3006529717642e-08,1,1.3006529717642e-08,1,1.3006529717642e-08,9.904167035394171e-07
1.30092717445e-08,1,1.30092717445e-08,1,1.30092717445e-08,1.006410957778451,1.30092717445e-08,0.1168058119674923,1.30092717445e-08,1,1.30092717445e-08,1,1.30092717445e-08,5.817930110419565e-07
1.3013376803249e-08,1,1.3013376803249e-08,1,1.3013376803249e-08,1.00291722760674,1.3013376803249e-08,0.1182323308849208,1.3013376803249e-08,1,1.3013376803249e-08,1,1.3013376803249e-08,2.632040629612821e-07
1.3020110542116e-08,1,1.3020110542116e-08,1,1.3020110542116e-08,1.000709671214258,1.3020110542116e-08,0.1191283747648342,1.3020110542116e-08,1,1.3020110542116e-08,1,1.3020110542116e-08,6.175478099941275e-08
1.3028577867471e-08,1,1.3028577867471e-08,1,1.3028577867471e-08,1.000103717567104,1.3028577867471e-08,0.1193846824238706,1.3028577867471e-08,1,1.3028577867471e-08,1,1.3028577867471e-08,9.967434073018619e-09
1.3040071662372e-08,1,1.3040071662372e-08,1,1.3040071662372e-08,0.9999978675484581,1.3040071662372e-08,0.1194377305792074,1.3040071662372e-08,1,1.3040071662372e-08,1,1.3040071662372e-08,-6.827560362439498e-10
1.3056943324271e-08,1,1.3056943324271e-08,1,1.3056943324271e-08,0.9999997625016919,1.3056943324271e-08,0.11942969881223,1.3056943324271e-08,1,1.3056943324271e-08,1,1.3056943324271e-08,1.034716158824062e-10
1.308887497775e-08,1,1.308887497775e-08,1,1.308887497775e-08,0.9999990678615668,1.308887497775e-08,0.1194365507571747,1.308887497775e-08,1,1.308887497775e-08,1,1.308887497775e-08,-2.524544044898905e-10
1.3152738284708e-08,1,1.3152738284708e-08,1,1.3152738284708e-08,0.999998379510324,1.3152738284708e-08,0.1194314485017736,1.3152738284708e-08,1,1.3152738284708e-08,1,1.3152738284708e-08,-6.052804316412213e-11
1.3280464898625e-08,1,1.3280464898625e-08,1,1.3280464898625e-08,0.999999185873357,1.3280464898625e-08,0.1194361458826009,1.3280464898625e-08,1,1.3280464898625e-08,1,1.3280464898625e-08,-2.06081032047344e-10
1.3535918126459e-08,1,1.3535918126459e-08,1,1.3535918126459e-08,0.9999983312491041,1.3535918126459e-08,0.1194316443786761,1.3535918126459e-08,1,1.3535918126459e-08,1,1.3535918126459e-08,-8.101773952399691e-11
1.4046824582126e-08,1,1.4046824582126e-08,1,1.4046824582126e-08,0.9999992080487929,1.4046824582126e-08,0.1194360563608161,1.4046824582126e-08,1,1.4046824582126e-08,1,1.4046824582126e-08,-1.964003900588491e-10
1.4646824582126e-08,1,1.4646824582126e-08,1,1.4646824582126e-08,0.9999983208622787,1.4646824582126e-08,0.1194317037362028,1.4646824582126e-08,1,1.4646824582126e-08,1,1.4646824582126e-08,-8.685195449059197e-11
1.5246824582126e-08,1,1.5246824582126e-08,1,1.5246824582126e-08,0.9999992177709378,1.5246824582126e-08,0.1194360081506703,1.5246824582126e-08,1,1.5246824582126e-08,1,1.5246824582126e-08,-1.912172915315738e-10
1.5846824582126e-08,1,1.5846824582126e-08,1,1.5846824582126e-08,0.9999983129833621,1.5846824582126e-08,0.1194317523158328,1.5846824582126e-08,1,1.5846824582126e-08,1,1.5846824582126e-08,-9.18410819673608e-11
1.6e-08,1,1.6e-08,1,1.6e-08,0.9999992292619839,1.6e-08,0.119435894087266,1.6e-08,1,1.6e-08,1,1.6e-08,-1.795921603186978e-10
1.6000005213541e-08,1,1.6000005213541e-08,1,1.6000005213541e-08,0.9999712855012672,1.6000005213541e-08,0.1193841716881503,1.6000005213541e-08,1,1.6000005213541e-08,0.9994786458333723,1.6000005213541e-08,-1.703810910973536e-06
1.6000015640625e-08,1,1.6000015640625e-08,1,1.6000015640625e-08,0.9999073609842214,1.6000015640625e-08,0.1192570068369757,1.6000015640625e-08,1,1.6000015640625e-08,0.9984359375001168,1.6000015640625e-08,-3.053243123698998e-06
1.6000020854166e-08,1,1.6000020854166e-08,1,1.6000020854166e-08,0.9998737845776527,1.6000020854166e-08,0.1191860637182456,1.6000020854166e-08,1,1.6000020854166e-08,0.9979145833334891,1.6000020854166e-08,-2.757389867834002e-06
1.6000031281249e-08,1,1.6000031281249e-08,1,1.6000031281249e-08,0.9998088804516918,1.6000031281249e-08,0.1190491825005638,1.6000031281249e-08,1,1.6000031281249e-08,0.9968718750002337,1.6000031281249e-08,-2.76759543792768e-06
1.6000052135416e-08,1,1.6000052135416e-08,1,1.6000052135416e-08,0.9996770500144045,1.6000052135416e-08,0.11876893052328,1.6000052135416e-08,1,1.6000052135416e-08,0.9947864583337228,1.6000052135416e-08,-2.842526713976137e-06
1.6000093843749e-08,1,1.6000093843749e-08,1,1.6000093843749e-08,0.9994112374019227,1.6000093843749e-08,0.1181917521627956,1.6000093843749e-08,1,1.6000093843749e-08,0.9906156250007011,1.6000093843749e-08,-2.934930455711434e-06
1.6000177260416e-08,1,1.6000177260416e-08,1,1.6000177260416e-08,0.9988675404668804,1.6000177260416e-08,0.1169670251203849,1.6000177260416e-08,1,1.6000177260416e-08,0.9822739583346577,1.6000177260416e-08,-3.169546311927149e-06
1.6000344093749e-08,1,1.6000344093749e-08,1,1.6000344093749e-08,0.9977417248896774,1.6000344093749e-08,0.1142650264933846,1.6000344093749e-08,1,1.6000344093749e-08,0.9655906250025709,1.6000344093749e-08,-3.548319470868492e-06
1.6000677760416e-08,1,1.6000677760416e-08,1,1.6000677760416e-08,0.9953768081229686,1.6000677760416e-08,0.1080135200473466,1.6000677760416e-08,1,1.6000677760416e-08,0.9322239583383972,1.6000677760416e-08,-4.252391358962808e-06
1.6001345093749e-08,1,1.6001345093749e-08,1,1.6001345093749e-08,0.990480759737055,1.6001345093749e-08,0.09323999973462399,1.6001345093749e-08,1,1.6001345093749e-08,0.8654906250100498,1.6001345093749e-08,-5.224686098905731e-06
1.6002536057669e-08,1,1.6002536057669e-08,1,1.6002536057669e-08,0.9824058680074302,1.6002536057669e-08,0.06433729338298345,1.6002536057669e-08,1,1.6002536057669e-08,0.7463942330191202,1.6002536057669e-08,-6.053459566903786e-06
1.6003875433046e-08,1,1.6003875433046e-08,1,1.6003875433046e-08,0.9760129844885794,1.6003875433046e-08,0.03523309925781148,1.6003875433046e-08,1,1.6003875433046e-08,0.6124566953720273,1.6003875433046e-08,-5.72950739593943e-06
1.60054169212e-08,1,1.60054169212e-08,1,1.60054169212e-08,0.9733218363741019,1.60054169212e-08,0.01295233079906075,1.60054169212e-08,1,1.60054169212e-08,0.4583078799525848,1.60054169212e-08,-4.548024472589495e-06
1.6007293125551e-08,1,1.6007293125551e-08,1,1.6007293125551e-08,0.9749270859995637,1.6007293125551e-08,0.001187687553064551,1.6007293125551e-08,1,1.6007293125551e-08,0.270687444822602,1.6007293125551e-08,-3.179012259434477e-06
1.6008646562775e-08,1,1.6008646562775e-08,1,1.6008646562775e-08,0.9771298245200289,1.6008646562775e-08,-0.002032277729352154,1.6008646562775e-08,1,1.6008646562775e-08,0.1353437224111356,1.6008646562775e-08,-2.966330428526078e-06
1.6009323281387e-08,1,1.6009323281387e-08,1,1.6009323281387e-08,0.9782072134362394,1.6009323281387e-08,-0.002972046217192374,1.6009323281387e-08,1,1.6009323281387e-08,0.06767186120556778,1.6009323281387e-08,-2.576101273817464e-06
1.601e-08,1,1.601e-08,1,1.601e-08,0.9792242206800997,1.601e-08,-0.003646778787035481,1.601e-08,1,1.601e-08,0,1.601e-08,-2.651410777108057e-06
1.6010001303385e-08,1,1.6010001303385e-08,1,1.6010001303385e-08,0.9792302752813248,1.6010001303385e-08,-0.003643952835178185,1.6010001303385e-08,1,1.6010001303385e-08,0,1.6010001303385e-08,-2.129260355767715e-06
1.6010003910156e-08,1,1.6010003910156e-08,1,1.6010003910156e-08,0.9792451224965311,1.6010003910156e-08,-0.003635201311864611,1.6010003910156e-08,1,1.6010003910156e-08,0,1.6010003910156e-08,-1.335175111223575e-06
1.6010005213541e-08,1,1.6010005213541e-08,1,1.6010005213541e-08,0.9792535331872316,1.6010005213541e-08,-0.003629577908387201,1.6010005213541e-08,1,1.6010005213541e-08,0,1.6010005213541e-08,-1.197107833623932e-06
1.6010007820312e-08,1,1.6010007820312e-08,1,1.6010007820312e-08,0.9792693258729872,1.6010007820312e-08,-0.003619303279985882,1.6010007820312e-08,1,1.6010007820312e-08,0,1.6010007820312e-08,-1.1637081362828e-06
1.6010013033854e-08,1,1.6010013033854e-08,1,1.6010013033854e-08,0.9792998837697664,1.6010013033854e-08,-0.003600040238094048,1.6010013033854e-08,1,1.6010013033854e-08,0,1.6010013033854e-08,-1.15219015492953e-06
1.6010023460937e-08,1,1.6010023460937e-08,1,1.6010023460937e-08,0.9793597868817383,1.6010023460937e-08,-0.00356298795923404,1.6010023460937e-08,1,1.6010023460937e-08,0,1.6010023460937e-08,-1.188946615390764e-06
1.6010044315104e-08,1,1.6010044315104e-08,1,1.6010044315104e-08,0.9794785741914427,1.6010044315104e-08,-0.003490079656535025,1.6010044315104e-08,1,1.6010044315104e-08,0,1.6010044315104e-08,-1.175190093575458e-06
1.6010086023437e-08,1,1.6010086023437e-08,1,1.6010086023437e-08,0.9797135033878595,1.6010086023437e-08,-0.003347206278888436,1.6010086023437e-08,1,1.6010086023437e-08,0,1.6010086023437e-08,-1.181649207309735e-06
1.6010169440104e-08,1,1.6010169440104e-08,1,1.6010169440104e-08,0.9801730978669493,1.6010169440104e-08,-0.003073096928926525,1.6010169440104e-08,1,1.6010169440104e-08,0,1.6010169440104e-08,-1.164096614047496e-06
1.6010336273437e-08,1,1.6010336273437e-08,1,1.6010336273437e-08,0.981053013602212,1.6010336273437e-08,-0.00256853902305395,1.6010336273437e-08,1,1.6010336273437e-08,0,1.6010336273437e-08,-1.156578785874152e-06
1.6010669940104e-08,1,1.6010669940104e-08,1,1.6010669940104e-08,0.9826694272172789,1.6010669940104e-08,-0.001714228699151944,1.6010669940104e-08,1,1.6010669940104e-08,0,1.6010669940104e-08,-1.109731544987183e-06
1.6011337273438e-08,1,1.6011337273438e-08,1,1.6011337273438e-08,0.9854192075441712,1.6011337273438e-08,-0.0004940307146188876,1.6011337273438e-08,1,1.6011337273438e-08,0,1.6011337273438e-08,-1.033773053499898e-06
1.6012671940105e-08,1,1.6012671940105e-08,1,1.6012671940105e-08,0.989468919927329,1.6012671940105e-08,0.0006360746084537872,1.6012671940105e-08,1,1.6012671940105e-08,0,1.6012671940105e-08,-8.699211467970735e-07
1.601534127344e-08,1,1.601534127344e-08,1,1.601534127344e-08,0.9943525126667305,1.601534127344e-08,0.001009981885935002,1.601534127344e-08,1,1.601534127344e-08,0,1.601534127344e-08,-5.008462547537818e-07
1.6018666926379e-08,1,1.6018666926379e-08,1,1.6018666926379e-08,0.9973093232035949,1.6018666926379e-08,0.000618098109908044,1.6018666926379e-08,1,1.6018666926379e-08,0,1.6018666926379e-08,-2.733308803777541e-07
1.6023676099358e-08,1,1.6023676099358e-08,1,1.6023676099358e-08,0.9991547063348689,1.6023676099358e-08,0.0002051374526588988,1.6023676099358e-08,1,1.6023676099358e-08,0,1.6023676099358e-08,-6.694966897050359e-08
1.6030278469452e-08,1,1.6030278469452e-08,1,1.6030278469452e-08,0.9998516742744658,1.6030278469452e-08,3.966523839093349e-05,1.6030278469452e-08,1,1.6030278469452e-08,0,1.6030278469452e-08,-3.104995382870225e-08
1.6040026713742e-08,1,1.6040026713742e-08,1,1.6040026713742e-08,1.000000472670726,1.6040026713742e-08,-1.877088110892334e-06,1.6040026713742e-08,1,1.6040026713742e-08,0,1.6040026713742e-08,1.64251300360441e-08
1.6054575445203e-08,1,1.6054575445203e-08,1,1.6054575445203e-08,1.000003925780212,1.6054575445203e-08,4.401000229368622e-08,1.6054575445203e-08,1,1.6054575445203e-08,0,1.6054575445203e-08,-1.655574880735174e-08
1.6079539574494e-08,1,1.6079539574494e-08,1,1.6079539574494e-08,0.9999979624821826,1.6079539574494e-08,-1.830653359001984e-07,1.6079539574494e-08,1,1.6079539574494e-08,0,1.6079539574494e-08,1.670809958068472e-08
1.6129467833077e-08,1,1.6129467833077e-08,1,1.6129467833077e-08,1.000001208770388,1.6129467833077e-08,3.158032965888832e-07,1.6129467833077e-08,1,1.6129467833077e-08,0,1.6129467833077e-08,-1.680168482252412e-08
1.6229324350244e-08,1,1.6229324350244e-08,1,1.6229324350244e-08,0.9999987592417562,1.6229324350244e-08,-2.080704134114054e-07,1.6229324350244e-08,1,1.6229324350244e-08,0,1.6229324350244e-08,1.677435814906167e-08
1.6429037384577e-08,1,1.6429037384577e-08,1,1.6429037384577e-08,1.000000895908146,1.6429037384577e-08,3.155109063987243e-07,1.6429037384577e-08,1,1.6429037384577e-08,0,1.6429037384577e-08,-1.682704938303893e-08
1.6828463453242e-08,1,1.6828463453242e-08,1,1.6828463453242e-08,0.9999988994615898,1.6828463453242e-08,-2.055879622237762e-07,1.6828463453242e-08,1,1.6828463453242e-08,0,1.6828463453242e-08,1.678549917036278e-08
1.7e-08,1,1.7e-08,1,1.7e-08,1.00000075089768,1.7e-08,3.132700722971399e-07,1.7e-08,1,1.7e-08,0,1.7e-08,-1.683802495070907e-08
1.7343073093514e-08,1,1.7343073093514e-08,1,1.7343073093514e-08,0.9999998863354832,1.7343073093514e-08,5.520189978544988e-08,1.7343073093514e-08,1,1.7343073093514e-08,0,1.7343073093514e-08,-2.164337705740261e-11
1.7943073093514e-08,1,1.7943073093514e-08,1,1.7943073093514e-08,0.999999864764339,1.7943073093514e-08,5.358471020420296e-08,1.7943073093514e-08,1,1.7943073093514e-08,0,1.7943073093514e-08,-2.340113192253574e-11
1.8543073093514e-08,1,1.8543073093514e-08,1,1.8543073093514e-08,0.9999998855174197,1.8543073093514e-08,5.52786500325145e-08,1.8543073093514e-08,1,1.8543073093514e-08,0,1.8543073093514e-08,-2.170327512263392e-11
1.9143073093514e-08,1,1.9143073093514e-08,1,1.9143073093514e-08,0.9999998626457474,1.9143073093514e-08,5.407071263235441e-08,1.9143073093514e-08,1,1.9143073093514e-08,0,1.9143073093514e-08,-2.374032910100183e-11
1.9743073093514e-08,1,1.9743073093514e-08,1,1.9743073093514e-08,0.9999998877641986,1.9743073093514e-08,5.479589750975521e-08,1.9743073093514e-08,1,1.9743073093514e-08,0,1.9743073093514e-08,-2.136392936239403e-11
2e-08,1,2e-08,1,2e-08,0.9999998638466948,2e-08,5.392355394427997e-08,2e-08,1,2e-08,0,2e-08,-2.36356158793019e-11
2.0007944444444e-08,0.9916583333333324,2.0007944444444e-08,1,2.0007944444444e-08,0.9999998684853177,2.0007944444444e-08,5.458750932719326e-08,2.0007944444444e-08,1,2.0007944444444e-08,0,2.0007944444444e-08,-2.333966939229007e-11
2.0023833333333e-08,0.9749749999999971,2.0023833333333e-08,1,2.0023833333333e-08,0.9999998771760514,2.0023833333333e-08,5.484091379962381e-08,2.0023833333333e-08,1,2.0023833333333e-08,0,2.0023833333333e-08,-2.219158143333449e-11
2.0055611111111e-08,0.9416083333333267,2.0055611111111e-08,1,2.0055611111111e-08,0.9999998738577424,2.0055611111111e-08,5.397062149619361e-08,2.0055611111111e-08,1,2.0055611111111e-08,0,2.0055611111111e-08,-2.28962405532054e-11
2.0119166666666e-08,0.8748749999999859,2.0119166666666e-08,1,2.0119166666666e-08,0.9999998753896677,2.0119166666666e-08,5.482014523545424e-08,2.0119166666666e-08,1,2.0119166666666e-08,0,2.0119166666666e-08,-2.237059128026136e-11
2.0246277777777e-08,0.7414083333333039,2.0246277777777e-08,1,2.0246277777777e-08,0.9999998727330023,2.0246277777777e-08,5.400236819130708e-08,2.0246277777777e-08,1,2.0246277777777e-08,0,2.0246277777777e-08,-2.307216042305766e-11
2.05005e-08,0.4744749999999404,2.05005e-08,1,2.05005e-08,0.9999998722897799,2.05005e-08,5.48015468566125e-08,2.05005e-08,1,2.05005e-08,0,2.05005e-08,-2.278086663220407e-11
2.099e-08,-0.03949999999999854,2.099e-08,1,2.099e-08,0.9999997849359747,2.099e-08,5.38059409481996e-08,2.099e-08,1,2.099e-08,0,2.099e-08,-3.505687972136461e-11
2.0990005213541e-08,-0.03950547421874817,2.0990005213541e-08,1,2.0990005213541e-08,1.000021521155326,2.0990005213541e-08,2.041766808026871e-05,2.0990005213541e-08,1,2.0990005213541e-08,0.0005213541666277138,2.0990005213541e-08,8.552406423250732e-07
2.0990015640625e-08,-0.03951642265624722,2.0990015640625e-08,1,2.0990015640625e-08,1.000068323189144,2.0990015640625e-08,6.386066213273546e-05,2.0990015640625e-08,1,2.0990015640625e-08,0.001564062499883142,2.0990015640625e-08,1.31930316828182e-06
2.0990036494791e-08,-0.03953831953124576,2.0990036494791e-08,1,2.0990036494791e-08,1.000158408135081,2.0990036494791e-08,0.0001449175102248391,2.0990036494791e-08,1,2.0990036494791e-08,0.003649479166393997,2.0990036494791e-08,9.979678934420401e-07
2.0990078203124e-08,-0.03958211328124239,2.0990078203124e-08,1,2.0990078203124e-08,1.000335204696171,2.0990078203124e-08,0.0003029625132369607,2.0990078203124e-08,1,2.0990078203124e-08,0.007820312499415708,2.0990078203124e-08,1.2473827852516e-06
2.0990161619791e-08,-0.03966970078123588,2.0990161619791e-08,1,2.0990161619791e-08,1.000681488113609,2.0990161619791e-08,0.0006098966875212931,2.0990161619791e-08,1,2.0990161619791e-08,0.01616197916545913,2.0990161619791e-08,1.036334379435861e-06
2.0990328453124e-08,-0.03984487578122287,2.0990328453124e-08,1,2.0990328453124e-08,1.001338837683938,2.0990328453124e-08,0.001180190563372159,2.0990328453124e-08,1,2.0990328453124e-08,0.03284531249754597,2.0990328453124e-08,1.248909394647944e-06
2.0990662119791e-08,-0.04019522578119683,2.0990662119791e-08,1,2.0990662119791e-08,1.002532721986471,2.0990662119791e-08,0.002173735856831044,2.0990662119791e-08,1,2.0990662119791e-08,0.06621197916171966,2.0990662119791e-08,1.07577983184439e-06
2.0991329453124e-08,-0.04089592578114454,2.0991329453124e-08,1,2.0991329453124e-08,1.004510332531041,2.0991329453124e-08,0.003679458960935231,2.0991329453124e-08,1,2.0991329453124e-08,0.132945312490067,2.0991329453124e-08,1.317181074643178e-06
2.0992664119791e-08,-0.04229732578103995,2.0992664119791e-08,1,2.0992664119791e-08,1.007294930598615,2.0992664119791e-08,0.005487991459805558,2.0992664119791e-08,1,2.0992664119791e-08,0.2664119791467618,2.0992664119791e-08,1.236093313318804e-06
2.0995333453124e-08,-0.045100125780831,2.0995333453124e-08,1,2.0995333453124e-08,1.005667464196109,2.0995333453124e-08,0.009654364642459137,2.0995333453124e-08,1,2.0995333453124e-08,0.5333453124601513,2.0995333453124e-08,6.519866639894123e-07
2.0997666726562e-08,-0.04755006289041552,2.0997666726562e-08,1,2.0997666726562e-08,0.9700472869753941,2.0997666726562e-08,0.02617831387434696,2.0997666726562e-08,1,2.0997666726562e-08,0.7666726562300756,2.0997666726562e-08,-8.050215393113187e-06
2.0998833363281e-08,-0.04877503144520778,2.0998833363281e-08,1,2.0998833363281e-08,0.9253594135398658,2.0998833363281e-08,0.04381553678979994,2.0998833363281e-08,1,2.0998833363281e-08,0.8833363281150378,2.0998833363281e-08,-1.414764093631213e-05
2.099941668164e-08,-0.04938751572260403,2.099941668164e-08,1,2.099941668164e-08,0.893069534311997,2.099941668164e-08,0.05683873184625617,2.099941668164e-08,1,2.099941668164e-08,0.941668164057519,2.099941668164e-08,-1.59871690152565e-05
2.1e-08,-0.05,2.1e-08,1,2.1e-08,0.8529246385014875,2.1e-08,0.07367601279090912,2.1e-08,1,2.1e-08,1,2.1e-08,-1.794837294358103e-05
2.1000005213541e-08,-0.04999993483072918,2.1000005213541e-08,1,2.1000005213541e-08,0.8525007238223539,2.1000005213541e-08,0.0737959444873498,2.1000005213541e-08,1,2.1000005213541e-08,1,2.1000005213541e-08,-1.936574601314892e-05
2.1000015640625e-08,-0.04999980449218751,2.1000015640625e-08,1,2.1000015640625e-08,0.8516405700737208,2.1000015640625e-08,0.07401456754299404,2.1000015640625e-08,1,2.1000015640625e-08,1,2.1000015640625e-08,-2.052374048689627e-05
2.1000020854166e-08,-0.04999973932291669,2.1000020854166e-08,1,2.1000020854166e-08,0.8512070888104408,2.1000020854166e-08,0.07411750695474144,2.1000020854166e-08,1,2.1000020854166e-08,1,2.1000020854166e-08,-2.026503473532051e-05
2.1000023460937e-08,-0.04999970673828125,2.1000023460937e-08,1,2.1000023460937e-08,0.8509914425346522,2.1000023460937e-08,0.07417069568538448,2.1000023460937e-08,1,2.1000023460937e-08,1,2.1000023460937e-08,-2.02398698550291e-05
2.1000028674479e-08,-0.04999964156901038,2.1000028674479e-08,1,2.1000028674479e-08,0.850559848772278,2.1000028674479e-08,0.07427634718749303,2.1000028674479e-08,1,2.1000028674479e-08,1,2.1000028674479e-08,-2.027132839288243e-05
2.1000039101562e-08,-0.04999951123046865,2.1000039101562e-08,1,2.1000039101562e-08,0.8496972049251122,2.1000039101562e-08,0.07448803897365058,2.1000039101562e-08,1,2.1000039101562e-08,1,2.1000039101562e-08,-2.026099683570479e-05
2.1000059955729e-08,-0.04999925055338517,2.1000059955729e-08,1,2.1000059955729e-08,0.8479736774115026,2.1000059955729e-08,0.07491258654649814,2.1000059955729e-08,1,2.1000059955729e-08,1,2.1000059955729e-08,-2.030356314721161e-05
2.1000101664062e-08,-0.0499987291992182,2.1000101664062e-08,1,2.1000101664062e-08,0.8445340590413698,2.1000101664062e-08,0.07576663024110605,2.1000101664062e-08,1,2.1000101664062e-08,1,2.1000101664062e-08,-2.033237891377165e-05
2.1000185080729e-08,-0.04999768649088429,2.1000185080729e-08,1,2.1000185080729e-08,0.8376849869691784,2.1000185080729e-08,0.07749485117500447,2.1000185080729e-08,1,2.1000185080729e-08,1,2.1000185080729e-08,-2.043900168652802e-05
2.1000351914062e-08,-0.04999560107421645,2.1000351914062e-08,1,2.1000351914062e-08,0.8241100228267384,2.1000351914062e-08,0.08103573192727637,2.1000351914062e-08,1,2.1000351914062e-08,1,2.1000351914062e-08,-2.05836437195883e-05
2.1000685580729e-08,-0.04999143024088078,2.1000685580729e-08,1,2.1000685580729e-08,0.7974400827541958,2.1000685580729e-08,0.08847365214848874,2.1000685580729e-08,1,2.1000685580729e-08,1,2.1000685580729e-08,-2.082309798220198e-05
2.1001352914063e-08,-0.04998308857420945,2.1001352914063e-08,1,2.1001352914063e-08,0.7456690970009403,2.1001352914063e-08,0.1047584631125656,2.1001352914063e-08,1,2.1001352914063e-08,1,2.1001352914063e-08,-2.079805637299894e-05
2.100268758073e-08,-0.04996640524086677,2.100268758073e-08,1,2.100268758073e-08,0.645268916141439,2.100268758073e-08,0.1407092288831491,2.100268758073e-08,1,2.100268758073e-08,1,2.100268758073e-08,-1.98377208113297e-05
2.1004388433651e-08,-0.04994514457936039,2.1004388433651e-08,1,2.1004388433651e-08,0.5182496261808075,2.1004388433651e-08,0.1838408557989044,2.1004388433651e-08,1,2.1004388433651e-08,1,2.1004388433651e-08,-1.961691808671207e-05
2.1006110460336e-08,-0.04992361924579166,2.1006110460336e-08,1,2.1006110460336e-08,0.3923705685076525,2.1006110460336e-08,0.2211085083852087,2.1006110460336e-08,1,2.1006110460336e-08,1,2.1006110460336e-08,-2.166867457844283e-05
2.1008852310443e-08,-0.04988934611945393,2.1008852310443e-08,1,2.1008852310443e-08,0.2167161148941467,2.1008852310443e-08,0.2918351299717437,2.1008852310443e-08,1,2.1008852310443e-08,1,2.1008852310443e-08,-2.575442024503492e-05
2.1010814007823e-08,-0.04986482490220683,2.1010814007823e-08,1,2.1010814007823e-08,0.1202199369548917,2.1010814007823e-08,0.3642019229970411,2.1010814007823e-08,1,2.1010814007823e-08,1,2.1010814007823e-08,-2.548878992086231e-05
2.1013044517954e-08,-0.04983694352556823,2.1013044517954e-08,1,2.1013044517954e-08,0.04906777819753594,2.1013044517954e-08,0.472384855056921,2.1013044517954e-08,1,2.1013044517954e-08,1,2.1013044517954e-08,-2.386265313008986e-05
2.1015653780517e-08,-0.04980432774353545,2.1015653780517e-08,1,2.1015653780517e-08,0.009878869001023182,2.1015653780517e-08,0.6191416677308565,2.1015653780517e-08,1,2.1015653780517e-08,1,2.1015653780517e-08,-2.165576295859693e-05
2.1018083989205e-08,-0.04977395013492742,2.1018083989205e-08,1,2.1018083989205e-08,-0.002641544748881392,2.1018083989205e-08,0.7464471560569869,2.1018083989205e-08,1,2.1018083989205e-08,1,2.1018083989205e-08,-1.803344339267199e-05
2.1020048337401e-08,-0.0497493957824781,2.1020048337401e-08,1,2.1020048337401e-08,-0.008235877192391359,2.1020048337401e-08,0.82892470252588,2.1020048337401e-08,1,2.1020048337401e-08,1,2.1020048337401e-08,-1.403730933724701e-05
2.1022258989928e-08,-0.04972176262589145,2.1022258989928e-08,1,2.1022258989928e-08,-0.01241371590129254,2.1022258989928e-08,0.8941937242036287,2.1022258989928e-08,1,2.1022258989928e-08,1,2.1022258989928e-08,-9.015059614468477e-06
2.1025232652753e-08,-0.04968459184058362,2.1025232652753e-08,1,2.1025232652753e-08,-0.01613681087578204,2.1025232652753e-08,0.9453532186318507,2.1025232652753e-08,1,2.1025232652753e-08,1,2.1025232652753e-08,-4.947990193759786e-06
2.1028304341681e-08,-0.04964619572898341,2.1028304341681e-08,1,2.1028304341681e-08,-0.01829397657919902,2.1028304341681e-08,0.9726045005942087,2.1028304341681e-08,1,2.1028304341681e-08,1,2.1028304341681e-08,-2.441747797876732e-06
2.1031037912288e-08,-0.04961202609639869,2.1031037912288e-08,1,2.1031037912288e-08,-0.01932315468614148,2.1031037912288e-08,0.9852188560999925,2.1031037912288e-08,1,2.1031037912288e-08,1,2.1031037912288e-08,-1.442033509701276e-06
2.1034264671572e-08,-0.04957169160533936,2.1034264671572e-08,1,2.1034264671572e-08,-0.01996844380738972,2.1034264671572e-08,0.9929644190575705,2.1034264671572e-08,1,2.1034264671572e-08,1,2.1034264671572e-08,-5.884191242298945e-07
2.1038213463084e-08,-0.04952233171144444,2.1038213463084e-08,1,2.1038213463084e-08,-0.02031803455363044,2.1038213463084e-08,0.9972416233581884,2.1038213463084e-08,1,2.1038213463084e-08,1,2.1038213463084e-08,-3.286218933747218e-07
2.104327647952e-08,-0.04945904400599702,2.104327647952e-08,1,2.104327647952e-08,-0.0204669378947622,2.104327647952e-08,0.99922689219501,2.104327647952e-08,1,2.104327647952e-08,1,2.104327647952e-08,-2.116280054010371e-09
2.1049834120401e-08,-0.04937707349497738,2.1049834120401e-08,1,2.1049834120401e-08,-0.02048882454528882,2.1049834120401e-08,0.9998844506733354,2.1049834120401e-08,1,2.1049834120401e-08,1,2.1049834120401e-08,-7.99438399107465e-08
2.105888466745e-08,-0.049263941656873,2.105888466745e-08,1,2.105888466745e-08,-0.02045291793424201,2.105888466745e-08,1.000007717921156,2.105888466745e-08,1,2.105888466745e-08,1,2.105888466745e-08,7.148234353123259e-08
2.107262527875e-08,-0.04909218401561558,2.107262527875e-08,1,2.107262527875e-08,-0.0203789197108759,2.107262527875e-08,1.000007741291818,2.107262527875e-08,1,2.107262527875e-08,1,2.107262527875e-08,-6.82133313093881e-08
2.1096915007387e-08,-0.04878856240765517,2.1096915007387e-08,1,2.1096915007387e-08,-0.02025117259821594,2.1096915007387e-08,1.000007074606046,2.1096915007387e-08,1,2.1096915007387e-08,1,2.1096915007387e-08,7.143141617956799e-08
2.1145494464661e-08,-0.04818131919173435,2.1145494464661e-08,1,2.1145494464661e-08,-0.01999259523911027,2.1145494464661e-08,1.000007688607614,2.1145494464661e-08,1,2.1145494464661e-08,1,2.1145494464661e-08,-6.822614531305492e-08
2.1242653379208e-08,-0.04696683275989271,2.1242653379208e-08,1,2.1242653379208e-08,-0.01947890436700985,2.1242653379208e-08,1.000007375854961,2.1242653379208e-08,1,2.1242653379208e-08,1,2.1242653379208e-08,7.147564837604625e-08
2.1436971208303e-08,-0.04453785989620943,2.1436971208303e-08,1,2.1436971208303e-08,-0.01845023685627073,2.1436971208303e-08,1.000007085111208,2.1436971208303e-08,1,2.1436971208303e-08,1,2.1436971208303e-08,-6.831773885822771e-08
2.1825606866492e-08,-0.03967991416884287,2.1825606866492e-08,1,2.1825606866492e-08,-0.01640181427332625,2.1825606866492e-08,1.000008042281656,2.1825606866492e-08,1,2.1825606866492e-08,1,2.1825606866492e-08,7.156306478023352e-08
2.2425606866492e-08,-0.03217991416884289,2.2425606866492e-08,1,2.2425606866492e-08,-0.01325449013599446,2.2425606866492e-08,1.000006292357403,2.2425606866492e-08,1,2.2425606866492e-08,1,2.2425606866492e-08,-6.844091737076026e-08
2.3025606866492e-08,-0.0246799141688429,2.3025606866492e-08,1,2.3025606866492e-08,-0.01012975758650709,2.3025606866492e-08,1.00000843007629,2.3025606866492e-08,1,2.3025606866492e-08,1,2.3025606866492e-08,7.160019624263411e-08
2.3625606866492e-08,-0.01717991416884292,2.3625606866492e-08,1,2.3625606866492e-08,-0.007025834603628967,2.3625606866492e-08,1.000006119435922,2.3625606866492e-08,1,2.3625606866492e-08,1,2.3625606866492e-08,-6.848051147887491e-08
2.4225606866492e-08,-0.00967991416884293,2.4225606866492e-08,1,2.4225606866492e-08,-0.003945972986522529,2.4225606866492e-08,1.000008307010496,2.4225606866492e-08,1,2.4225606866492e-08,1,2.4225606866492e-08,7.156655520020489e-08
2.4825606866492e-08,-0.002179914168842945,2.4825606866492e-08,1,2.4825606866492e-08,-0.0008884681836554412,2.4825606866492e-08,1.000006065655654,2.4825606866492e-08,1,2.4825606866492e-08,1,2.4825606866492e-08,-6.850407974415704e-08
2.5e-08,0,2.5e-08,1,2.5e-08,-5.184042372174261e-06,2.5e-08,1.000008054541409,2.5e-08,1,2.5e-08,1,2.5e-08,7.153266041653358e-08
2.5000005213541e-08,0,2.5000005213541e-08,1,2.5000005213541e-08,-4.657408254046011e-05,2.5000005213541e-08,0.9999798042262622,2.5000005213541e-08,1,2.5000005213541e-08,0.9994786458333723,2.5000005213541e-08,-1.459952906123776e-06
2.5000015640625e-08,0,2.5000015640625e-08,1,2.5000015640625e-08,-0.0001440044244266502,2.5000015640625e-08,0.9999179844260335,2.5000015640625e-08,1,2.5000015640625e-08,0.9984359375001168,2.5000015640625e-08,-2.707291200381479e-06
2.5000036494791e-08,0,2.5000036494791e-08,1,2.5000036494791e-08,-0.0003438463962241981,2.5000036494791e-08,0.9997920488244028,2.5000036494791e-08,1,2.5000036494791e-08,0.996350520833606,2.5000036494791e-08,-2.062175642626581e-06
2.5000078203124e-08,0,2.5000078203124e-08,1,2.5000078203124e-08,-0.0007218313191824292,2.5000078203124e-08,0.9995508024952654,2.5000078203124e-08,1,2.5000078203124e-08,0.9921796875005843,2.5000078203124e-08,-2.453331569992129e-06
2.5000161619791e-08,0,2.5000161619791e-08,1,2.5000161619791e-08,-0.001448267021647695,2.5000161619791e-08,0.9990826324665759,2.5000161619791e-08,1,2.5000161619791e-08,0.9838380208345409,2.5000161619791e-08,-2.026997102503938e-06
2.5000328453124e-08,0,2.5000328453124e-08,1,2.5000328453124e-08,-0.002751728736801932,2.5000328453124e-08,0.9982198523652323,2.5000328453124e-08,1,2.5000328453124e-08,0.967154687502454,2.5000328453124e-08,-2.240706632995152e-06
2.5000662119791e-08,0,2.5000662119791e-08,1,2.5000662119791e-08,-0.004901687852231987,2.5000662119791e-08,0.9967263317247899,2.5000662119791e-08,1,2.5000662119791e-08,0.9337880208382804,2.5000662119791e-08,-1.751187785524902e-06
2.5001329453124e-08,0,2.5001329453124e-08,1,2.5001329453124e-08,-0.007900932959017264,2.5001329453124e-08,0.9944431672531884,2.5001329453124e-08,1,2.5001329453124e-08,0.867054687509933,2.5001329453124e-08,-1.874551868205887e-06
2.5002664119791e-08,0,2.5002664119791e-08,1,2.5002664119791e-08,-0.0112607432495853,2.5002664119791e-08,0.9915297642586782,2.5002664119791e-08,1,2.5002664119791e-08,0.7335880208532382,2.5002664119791e-08,-1.498934640861236e-06
2.5004476665394e-08,0,2.5004476665394e-08,1,2.5004476665394e-08,-0.01300865896560571,2.5004476665394e-08,0.98954343816202,2.5004476665394e-08,1,2.5004476665394e-08,0.5523334605568759,2.5004476665394e-08,-1.741823819951709e-06
2.5007145905062e-08,0,2.5007145905062e-08,1,2.5007145905062e-08,-0.01010984253862376,2.5007145905062e-08,0.9891754154601313,2.5007145905062e-08,1,2.5007145905062e-08,0.2854094937721983,2.5007145905062e-08,-9.631820800379074e-07
2.501e-08,0,2.501e-08,1,2.501e-08,-0.006927827141044586,2.501e-08,0.9890310482606216,2.501e-08,1,2.501e-08,0,2.501e-08,-1.752997460824161e-06
2.5010013292063e-08,0,2.5010013292063e-08,1,2.5010013292063e-08,-0.006867335144600089,2.5010013292063e-08,0.9890826973442406,2.5010013292063e-08,1,2.5010013292063e-08,0,2.5010013292063e-08,-3.430495228474506e-07
2.501003987619e-08,0,2.501003987619e-08,1,2.501003987619e-08,-0.006742762389934881,2.501003987619e-08,0.9891883491880175,2.501003987619e-08,1,2.501003987619e-08,0,2.501003987619e-08,2.85504001879097e-08
2.5010093044445e-08,0,2.5010093044445e-08,1,2.5010093044445e-08,-0.006503252831337099,2.5010093044445e-08,0.9893925982555288,2.5010093044445e-08,1,2.5010093044445e-08,0,2.5010093044445e-08,-3.03441453118548e-07
2.5010199380954e-08,0,2.5010199380954e-08,1,2.5010199380954e-08,-0.006045571104387738,2.5010199380954e-08,0.9897879850348623,2.5010199380954e-08,1,2.5010199380954e-08,0,2.5010199380954e-08,-2.261708134274927e-08
2.5010412053972e-08,0,2.5010412053972e-08,1,2.5010412053972e-08,-0.005216288597553034,2.5010412053972e-08,0.9905228233167551,2.5010412053972e-08,1,2.5010412053972e-08,0,2.5010412053972e-08,-3.309320869641731e-07
2.5010837400008e-08,0,2.5010837400008e-08,1,2.5010837400008e-08,-0.003849197776163921,2.5010837400008e-08,0.9918018924863113,2.5010837400008e-08,1,2.5010837400008e-08,0,2.5010837400008e-08,-9.383573136567234e-08
2.501168809208e-08,0,2.501168809208e-08,1,2.501168809208e-08,-0.001986409220895517,2.501168809208e-08,0.993767423196207,2.501168809208e-08,1,2.501168809208e-08,0,2.501168809208e-08,-4.0267204368961e-07
2.5013389476224e-08,0,2.5013389476224e-08,1,2.5013389476224e-08,-0.0002564906592537464,2.5013389476224e-08,0.9962166166193014,2.5013389476224e-08,1,2.5013389476224e-08,0,2.5013389476224e-08,-1.210067748696925e-07
2.5016112184202e-08,0,2.5016112184202e-08,1,2.5016112184202e-08,0.0002803994244838135,2.5016112184202e-08,0.998098839019553,2.5016112184202e-08,1,2.5016112184202e-08,0,2.5016112184202e-08,-3.115671473742992e-07
2.5019729857045e-08,0,2.5019729857045e-08,1,2.5019729857045e-08,0.0001930049498829367,2.5019729857045e-08,0.9991708019665012,2.5019729857045e-08,1,2.5019729857045e-08,0,2.5019729857045e-08,6.177781359938306e-08
2.502480179799e-08,0,2.502480179799e-08,1,2.502480179799e-08,6.130005639944182e-05,2.502480179799e-08,0.9997438314612755,2.502480179799e-08,1,2.502480179799e-08,0,2.502480179799e-08,-1.66487189033746e-07
2.5033601927707e-08,0,2.5033601927707e-08,1,2.5033601927707e-08,2.938431173983209e-06,2.5033601927707e-08,0.9999887442149723,2.5033601927707e-08,1,2.5033601927707e-08,0,2.5033601927707e-08,1.404242162906651e-07
2.5047729055877e-08,0,2.5047729055877e-08,1,2.5047729055877e-08,-7.202620480614287e-07,2.5047729055877e-08,1.000001997960806,2.5047729055877e-08,1,2.5047729055877e-08,0,2.5047729055877e-08,-1.413153380233929e-07
2.5071729803657e-08,0,2.5071729803657e-08,1,2.5071729803657e-08,4.943294607849579e-07,2.5071729803657e-08,0.9999990119498394,2.5071729803657e-08,1,2.5071729803657e-08,0,2.5071729803657e-08,1.413675141296394e-07
2.5117645226588e-08,0,2.5117645226588e-08,1,2.5117645226588e-08,-3.329255499592324e-07,2.5117645226588e-08,1.000000383881958,2.5117645226588e-08,1,2.5117645226588e-08,0,2.5117645226588e-08,-1.414312602012893e-07
2.5209476072451e-08,0,2.5209476072451e-08,1,2.5209476072451e-08,3.9118308864338e-07,2.5209476072451e-08,0.999999494320414,2.5209476072451e-08,1,2.5209476072451e-08,0,2.5209476072451e-08,1.413906944192664e-07
2.5393137764176e-08,0,2.5393137764176e-08,1,2.5393137764176e-08,-2.978294715545131e-07,2.5393137764176e-08,1.000000201129438,2.5393137764176e-08,1,2.5393137764176e-08,0,2.5393137764176e-08,-1.414371676858294e-07
2.5760461147626e-08,0,2.5760461147626e-08,1,2.5760461147626e-08,3.801584796658461e-07,2.5760461147626e-08,0.9999995755437049,2.5760461147626e-08,1,2.5760461147626e-08,0,2.5760461147626e-08,1.413926420141494e-07
2.6360461147626e-08,0,2.6360461147626e-08,1,2.6360461147626e-08,-2.958270710329306e-07,2.6360461147626e-08,1.00000015976388,2.6360461147626e-08,1,2.6360461147626e-08,0,2.6360461147626e-08,-1.414380192328446e-07
2.6960461147626e-08,0,2.6960461147626e-08,1,2.6960461147626e-08,3.784549612942957e-07,2.6960461147626e-08,0.9999996057244888,2.6960461147626e-08,1,2.6960461147626e-08,0,2.6960461147626e-08,1.413931692680878e-07
2.7560461147626e-08,0,2.7560461147626e-08,1,2.7560461147626e-08,-2.909432684114227e-07,2.7560461147626e-08,1.000000130962155,2.7560461147626e-08,1,2.7560461147626e-08,0,2.7560461147626e-08,-1.414383935631064e-07
2.8160461147626e-08,0,2.8160461147626e-08,1,2.8160461147626e-08,3.723914411145536e-07,2.8160461147626e-08,0.9999996334600925,2.8160461147626e-08,1,2.8160461147626e-08,0,2.8160461147626e-08,1.413934300403812e-07
2.8760461147626e-08,0,2.8760461147626e-08,1,2.8760461147626e-08,-2.849980294924788e-07,2.8760461147626e-08,1.00000010407566,2.8760461147626e-08,1,2.8760461147626e-08,0,2.8760461147626e-08,-1.414385688112127e-07
2.9360461147626e-08,0,2.9360461147626e-08,1,2.9360461147626e-08,3.666363808180785e-07,2.9360461147626e-08,0.9999996595355058,2.9360461147626e-08,1,2.9360461147626e-08,0,2.9360461147626e-08,1.413935238348966e-07
2.9680230573813e-08,0,2.9680230573813e-08,1,2.9680230573813e-08,-2.770558685444174e-07,2.9680230573813e-08,1.000000068164467,2.9680230573813e-08,1,2.9680230573813e-08,0,2.9680230573813e-08,-1.414385419384554e-07
2.9999999999999e-08,0,2.9999999999999e-08,1,2.9999999999999e-08,3.566683148023655e-07,2.9999999999999e-08,0.9999997043462103,2.9999999999999e-08,1,2.9999999999999e-08,0,2.9999999999999e-08,1.413932854207899e-07
