/BL (modelFiles=gpdk045.scs:ff) X,/BL (modelFiles=gpdk045.scs:ff) Y,/BLB (modelFiles=gpdk045.scs:ff) X,/BLB (modelFiles=gpdk045.scs:ff) Y,/Q (modelFiles=gpdk045.scs:ff) X,/Q (modelFiles=gpdk045.scs:ff) Y,/QB (modelFiles=gpdk045.scs:ff) X,/QB (modelFiles=gpdk045.scs:ff) Y,/VDD (modelFiles=gpdk045.scs:ff) X,/VDD (modelFiles=gpdk045.scs:ff) Y,/WL (modelFiles=gpdk045.scs:ff) X,/WL (modelFiles=gpdk045.scs:ff) Y,/V0/PLUS (modelFiles=gpdk045.scs:ff) X,/V0/PLUS (modelFiles=gpdk045.scs:ff) Y
0,0,0,1.2,0,6.656547000746805e-07,0,1.199998414279713,0,1.2,0,0,0,-4.429651876729257e-10
3e-11,0,3e-11,1.2,3e-11,6.656547018034982e-07,3e-11,1.199998414279806,3e-11,1.2,3e-11,0,3e-11,-4.429651061349219e-10
8.999999999999999e-11,0,8.999999999999999e-11,1.2,8.999999999999999e-11,6.656547002619628e-07,8.999999999999999e-11,1.199998414279818,8.999999999999999e-11,1.2,8.999999999999999e-11,0,8.999999999999999e-11,-4.42965104997401e-10
2.1e-10,0,2.1e-10,1.2,2.1e-10,6.656546999286121e-07,2.1e-10,1.199998414279821,2.1e-10,1.2,2.1e-10,0,2.1e-10,-4.429651044919055e-10
4.499999999999999e-10,0,4.499999999999999e-10,1.2,4.499999999999999e-10,6.656547008940237e-07,4.499999999999999e-10,1.199998414279967,4.499999999999999e-10,1.2,4.499999999999999e-10,0,4.499999999999999e-10,-4.429650819691702e-10
9.299999999999999e-10,0,9.299999999999999e-10,1.2,9.299999999999999e-10,6.656546988722192e-07,9.299999999999999e-10,1.199998414279804,9.299999999999999e-10,1.2,9.299999999999999e-10,0,9.299999999999999e-10,-4.429651075595729e-10
1.53e-09,0,1.53e-09,1.2,1.53e-09,6.656547012756325e-07,1.53e-09,1.199998414279801,1.53e-09,1.2,1.53e-09,0,1.53e-09,-4.429651071360447e-10
1.99e-09,0,1.99e-09,1.2,1.99e-09,6.656546987409951e-07,1.99e-09,1.199998414279711,1.99e-09,1.2,1.99e-09,0,1.99e-09,-4.429651218353539e-10
1.990083402777e-09,0.01000833333331958,1.990083402777e-09,1.18999166666668,1.990083402777e-09,2.396017539026969e-06,1.990083402777e-09,1.199997692983314,1.990083402777e-09,1.2,1.990083402777e-09,0,1.990083402777e-09,-2.3865452324548e-10
1.990250208333e-09,0.03002499999995875,1.990250208333e-09,1.169975000000041,1.990250208333e-09,3.004515407668554e-06,1.990250208333e-09,1.199997907822036,1.990250208333e-09,1.2,1.990250208333e-09,0,1.990250208333e-09,4.730832267752953e-10
1.990583819444e-09,0.07005833333323708,1.990583819444e-09,1.129941666666763,1.990583819444e-09,3.457821784975876e-06,1.990583819444e-09,1.199998046083149,1.990583819444e-09,1.2,1.990583819444e-09,0,1.990583819444e-09,-9.484782029992043e-10
1.991142864091e-09,0.1371436909795742,1.991142864091e-09,1.062856309020426,1.991142864091e-09,3.913101400103378e-06,1.991142864091e-09,1.199998226206811,1.991142864091e-09,1.2,1.991142864091e-09,0,1.991142864091e-09,2.767539265469199e-10
1.992260953385e-09,0.2713144062722483,1.992260953385e-09,0.9286855937277516,1.992260953385e-09,4.133742245225897e-06,1.992260953385e-09,1.199998318004844,1.992260953385e-09,1.2,1.992260953385e-09,0,1.992260953385e-09,-1.110820943279979e-09
1.994497131973e-09,0.5396558368575968,1.994497131973e-09,0.6603441631424032,1.994497131973e-09,3.387757424281996e-06,1.994497131973e-09,1.199998182110598,1.994497131973e-09,1.2,1.994497131973e-09,0,1.994497131973e-09,6.679763210471744e-11
1.997248565986e-09,0.8698279184287984,1.997248565986e-09,0.3301720815712016,1.997248565986e-09,2.233600223068841e-06,1.997248565986e-09,1.199998022602336,1.997248565986e-09,1.2,1.997248565986e-09,0,1.997248565986e-09,-1.161243428678052e-09
2e-09,1.2,2e-09,0,2e-09,1.704092429710868e-06,2e-09,1.199997734984116,2e-09,1.2,2e-09,0,2e-09,1.584883614408341e-11
2.000083402777e-09,1.2,2.000083402777e-09,0,2.000083402777e-09,7.803722032989013e-07,2.000083402777e-09,1.199998728496487,2.000083402777e-09,1.2,2.000083402777e-09,0,2.000083402777e-09,1.104046639272845e-09
2.000250208333e-09,1.2,2.000250208333e-09,0,2.000250208333e-09,7.986910346828333e-07,2.000250208333e-09,1.199998684445842,2.000250208333e-09,1.2,2.000250208333e-09,0,2.000250208333e-09,-1.925334867363017e-09
2.000583819444e-09,1.2,2.000583819444e-09,0,2.000583819444e-09,8.439205694353436e-07,2.000583819444e-09,1.199998552679515,2.000583819444e-09,1.2,2.000583819444e-09,0,2.000583819444e-09,8.866047149794893e-10
2.001145330399e-09,1.2,2.001145330399e-09,0,2.001145330399e-09,9.095238567910008e-07,2.001145330399e-09,1.199998389763191,2.001145330399e-09,1.2,2.001145330399e-09,0,2.001145330399e-09,-1.826941819739293e-09
2.002268352308e-09,1.2,2.002268352308e-09,0,2.002268352308e-09,1.000924202026711e-06,2.002268352308e-09,1.19999806438003,2.002268352308e-09,1.2,2.002268352308e-09,0,2.002268352308e-09,7.507460355461529e-10
2.004514396127e-09,1.2,2.004514396127e-09,0,2.004514396127e-09,1.138990308525458e-06,2.004514396127e-09,1.199997658393357,2.004514396127e-09,1.2,2.004514396127e-09,0,2.004514396127e-09,-1.866739803107593e-09
2.009006483765e-09,1.2,2.009006483765e-09,0,2.009006483765e-09,1.254314555349997e-06,2.009006483765e-09,1.199997207601789,2.009006483765e-09,1.2,2.009006483765e-09,0,2.009006483765e-09,6.359308814555517e-10
2.01799065904e-09,1.2,2.01799065904e-09,0,2.01799065904e-09,1.310676902852122e-06,2.01799065904e-09,1.199997013229766,2.01799065904e-09,1.2,2.01799065904e-09,0,2.01799065904e-09,-1.926955182733055e-09
2.035959009591e-09,1.2,2.035959009591e-09,0,2.035959009591e-09,1.309272464681728e-06,2.035959009591e-09,1.199996998204105,2.035959009591e-09,1.2,2.035959009591e-09,0,2.035959009591e-09,6.083409081394859e-10
2.071895710692e-09,1.2,2.071895710692e-09,0,2.071895710692e-09,1.310089701891574e-06,2.071895710692e-09,1.199997012339732,2.071895710692e-09,1.2,2.071895710692e-09,0,2.071895710692e-09,-1.924359719850924e-09
2.143769112895e-09,1.2,2.143769112895e-09,0,2.143769112895e-09,1.30993842450738e-06,2.143769112895e-09,1.199996996856237,2.143769112895e-09,1.2,2.143769112895e-09,0,2.143769112895e-09,6.07046441354395e-10
2.287515917301e-09,1.2,2.287515917301e-09,0,2.287515917301e-09,1.309856480552881e-06,2.287515917301e-09,1.199997012816215,2.287515917301e-09,1.2,2.287515917301e-09,0,2.287515917301e-09,-1.923735035641615e-09
2.575009526112e-09,1.2,2.575009526112e-09,0,2.575009526112e-09,1.310067074021974e-06,2.575009526112e-09,1.199996996668452,2.575009526112e-09,1.2,2.575009526112e-09,0,2.575009526112e-09,6.067404737832645e-10
2.99e-09,1.2,2.99e-09,0,2.99e-09,1.30978982608371e-06,2.99e-09,1.199997012912085,2.99e-09,1.2,2.99e-09,0,2.99e-09,-1.923563643841151e-09
2.990005212673e-09,1.2,2.990005212673e-09,0,2.990005212673e-09,2.757525334602543e-05,2.990005212673e-09,1.200024901992205,2.990005212673e-09,1.2,2.990005212673e-09,0.0006255208333138624,2.990005212673e-09,1.151785964009209e-06
2.99001563802e-09,1.2,2.99001563802e-09,0,2.99001563802e-09,8.465826297425242e-05,2.99001563802e-09,1.200086427835025,2.99001563802e-09,1.2,2.99001563802e-09,0.001876562499941587,2.99001563802e-09,1.804867977061476e-06
2.990036488715e-09,1.2,2.990036488715e-09,0,2.990036488715e-09,0.000190992841909579,2.990036488715e-09,1.200204407196203,2.990036488715e-09,1.2,2.990036488715e-09,0.004378645833197037,2.990036488715e-09,1.393667664493154e-06
2.990078190104e-09,1.2,2.990078190104e-09,0,2.990078190104e-09,0.0003975215043412517,2.990078190104e-09,1.200435020946135,2.990078190104e-09,1.2,2.990078190104e-09,0.009382812499707937,2.990078190104e-09,1.696468333785855e-06
2.990161592881e-09,1.2,2.990161592881e-09,0,2.990161592881e-09,0.0007986770239243593,2.990161592881e-09,1.200886378126447,2.990161592881e-09,1.2,2.990161592881e-09,0.01939114583272973,2.990161592881e-09,1.450905679010658e-06
2.990328398437e-09,1.2,2.990328398437e-09,0,2.990328398437e-09,0.001542073161353098,2.990328398437e-09,1.201739268371967,2.990328398437e-09,1.2,2.990328398437e-09,0.03940781249877334,2.990328398437e-09,1.703307058252364e-06
2.990662009548e-09,1.2,2.990662009548e-09,0,2.990662009548e-09,0.002837762691093867,2.990662009548e-09,1.203278052176246,2.990662009548e-09,1.2,2.990662009548e-09,0.07944114583086052,2.990662009548e-09,1.518954085334004e-06
2.99132923177e-09,1.2,2.99132923177e-09,0,2.99132923177e-09,0.004853396961928454,2.99132923177e-09,1.205802502548485,2.99132923177e-09,1.2,2.99132923177e-09,0.1595078124950349,2.99132923177e-09,1.840098287960121e-06
2.992663676215e-09,1.2,2.992663676215e-09,0,2.992663676215e-09,0.008054701827388806,2.992663676215e-09,1.209256687222034,2.992663676215e-09,1.2,2.992663676215e-09,0.3196411458233837,2.992663676215e-09,1.872823665762741e-06
2.994960508941e-09,1.2,2.994960508941e-09,0,2.994960508941e-09,0.01973884383340396,2.994960508941e-09,1.201891899583073,2.994960508941e-09,1.2,2.994960508941e-09,0.5952610729523866,2.994960508941e-09,-1.743904980316028e-07
2.997230047526e-09,1.2,2.997230047526e-09,0,2.997230047526e-09,0.05143513877247944,2.997230047526e-09,1.150036391538076,2.997230047526e-09,1.2,2.997230047526e-09,0.8676057031331103,2.997230047526e-09,-1.339647360258282e-05
2.998615023763e-09,1.2,2.998615023763e-09,0,2.998615023763e-09,0.08562948167607153,2.998615023763e-09,1.081148056484072,2.998615023763e-09,1.2,2.998615023763e-09,1.033802851566555,2.998615023763e-09,-2.176359973838161e-05
2.999307511881e-09,1.2,2.999307511881e-09,0,2.999307511881e-09,0.1080768339984278,2.999307511881e-09,1.033368663722944,2.999307511881e-09,1.2,2.999307511881e-09,1.116901425783277,2.999307511881e-09,-2.570266247035445e-05
3e-09,1.2,3e-09,0,3e-09,0.1358294242436114,3e-09,0.9755975970163284,3e-09,1.2,3e-09,1.2,3e-09,-2.757420669474991e-05
3.000005212673e-09,1.2,3.000005212673e-09,0,3.000005212673e-09,0.1360043258138148,3.000005212673e-09,0.9750926108483315,3.000005212673e-09,1.2,3.000005212673e-09,1.2,3.000005212673e-09,-2.975338171237603e-05
3.00001563802e-09,1.2,3.00001563802e-09,0,3.00001563802e-09,0.1363200667320276,3.00001563802e-09,0.9740623705936892,3.00001563802e-09,1.2,3.00001563802e-09,1.2,3.00001563802e-09,-3.151981754419977e-05
3.000020850694e-09,1.2,3.000020850694e-09,0,3.000020850694e-09,0.1364668327176401,3.000020850694e-09,0.9735411732286987,3.000020850694e-09,1.2,3.000020850694e-09,1.2,3.000020850694e-09,-3.119237637843678e-05
3.000023457031e-09,1.2,3.000023457031e-09,0,3.000023457031e-09,0.1365426629447235,3.000023457031e-09,0.97328226219851,3.000023457031e-09,1.2,3.000023457031e-09,1.2,3.000023457031e-09,-3.117022210156904e-05
3.000028669704e-09,1.2,3.000028669704e-09,0,3.000028669704e-09,0.1366934200592703,3.000028669704e-09,0.9727641965564832,3.000028669704e-09,1.2,3.000028669704e-09,1.2,3.000028669704e-09,-3.120017531820921e-05
3.000039095052e-09,1.2,3.000039095052e-09,0,3.000039095052e-09,0.1369954275119867,3.000039095052e-09,0.9717292131747509,3.000039095052e-09,1.2,3.000039095052e-09,1.2,3.000039095052e-09,-3.119964356170482e-05
3.000059945746e-09,1.2,3.000059945746e-09,0,3.000059945746e-09,0.1376007504625733,3.000059945746e-09,0.9696628632992776,3.000059945746e-09,1.2,3.000059945746e-09,1.2,3.000059945746e-09,-3.126871392909865e-05
3.000101647135e-09,1.2,3.000101647135e-09,0,3.000101647135e-09,0.1388166420848732,3.000101647135e-09,0.9655449328412753,3.000101647135e-09,1.2,3.000101647135e-09,1.2,3.000101647135e-09,-3.134911514403085e-05
3.000185049913e-09,1.2,3.000185049913e-09,0,3.000185049913e-09,0.141269564882026,3.000185049913e-09,0.9573686126470115,3.000185049913e-09,1.2,3.000185049913e-09,1.2,3.000185049913e-09,-3.156042911486174e-05
3.000351855468e-09,1.2,3.000351855468e-09,0,3.000351855468e-09,0.1462610872733364,3.000351855468e-09,0.9412565090872758,3.000351855468e-09,1.2,3.000351855468e-09,1.2,3.000351855468e-09,-3.191748130382302e-05
3.000685466579e-09,1.2,3.000685466579e-09,0,3.000685466579e-09,0.1565854811093051,3.000685466579e-09,0.9099793388680879,3.000685466579e-09,1.2,3.000685466579e-09,1.2,3.000685466579e-09,-3.259287091043392e-05
3.001352688802e-09,1.2,3.001352688802e-09,0,3.001352688802e-09,0.1785403745570589,3.001352688802e-09,0.850836444869935,3.001352688802e-09,1.2,3.001352688802e-09,1.2,3.001352688802e-09,-3.344696151652427e-05
3.002687133246e-09,1.2,3.002687133246e-09,0,3.002687133246e-09,0.227907487916127,3.002687133246e-09,0.7426355075801727,3.002687133246e-09,1.2,3.002687133246e-09,1.2,3.002687133246e-09,-3.378389863528755e-05
3.004406881844e-09,1.2,3.004406881844e-09,0,3.004406881844e-09,0.301932957145416,3.004406881844e-09,0.6144551332635094,3.004406881844e-09,1.2,3.004406881844e-09,1.2,3.004406881844e-09,-3.442315957422293e-05
3.006283400378e-09,1.2,3.006283400378e-09,0,3.006283400378e-09,0.3916047288665518,3.006283400378e-09,0.4776524789198383,3.006283400378e-09,1.2,3.006283400378e-09,1.2,3.006283400378e-09,-3.73362045605739e-05
3.008320469183e-09,1.2,3.008320469183e-09,0,3.008320469183e-09,0.494026901944695,3.008320469183e-09,0.328939009714695,3.008320469183e-09,1.2,3.008320469183e-09,1.2,3.008320469183e-09,-4.097537818496498e-05
3.011200325832e-09,1.2,3.011200325832e-09,0,3.011200325832e-09,0.6579487200441885,3.011200325832e-09,0.1517590650574253,3.011200325832e-09,1.2,3.011200325832e-09,1.2,3.011200325832e-09,-3.873609999172169e-05
3.013228998537e-09,1.2,3.013228998537e-09,0,3.013228998537e-09,0.791864244141573,3.013228998537e-09,0.07646633745798631,3.013228998537e-09,1.2,3.013228998537e-09,1.2,3.013228998537e-09,-3.299044892172912e-05
3.015196893469e-09,1.2,3.015196893469e-09,0,3.015196893469e-09,0.9196769168983113,3.015196893469e-09,0.04186958834841657,3.015196893469e-09,1.2,3.015196893469e-09,1.2,3.015196893469e-09,-2.590807804047211e-05
3.017307172233e-09,1.2,3.017307172233e-09,0,3.017307172233e-09,1.025497708549545,3.017307172233e-09,0.02362498397323752,3.017307172233e-09,1.2,3.017307172233e-09,1.2,3.017307172233e-09,-1.687544593049957e-05
3.019047385475e-09,1.2,3.019047385475e-09,0,3.019047385475e-09,1.082933822687626,3.019047385475e-09,0.0150385740693254,3.019047385475e-09,1.2,3.019047385475e-09,1.2,3.019047385475e-09,-1.150815355887052e-05
3.021437432147e-09,1.2,3.021437432147e-09,0,3.021437432147e-09,1.132627142488204,3.021437432147e-09,0.008291849330016612,3.021437432147e-09,1.2,3.021437432147e-09,1.2,3.021437432147e-09,-6.580824541057988e-06
3.023733600294e-09,1.2,3.023733600294e-09,0,3.023733600294e-09,1.160557397931835,3.023733600294e-09,0.004797432283330681,3.023733600294e-09,1.2,3.023733600294e-09,1.2,3.023733600294e-09,-4.042106237334221e-06
3.026290458116e-09,1.2,3.026290458116e-09,0,3.026290458116e-09,1.178448137741948,3.026290458116e-09,0.002616925681020137,3.026290458116e-09,1.2,3.026290458116e-09,1.2,3.026290458116e-09,-2.090988743477779e-06
3.029289579604e-09,1.2,3.029289579604e-09,0,3.029289579604e-09,1.189529780254647,3.029289579604e-09,0.001271815602924333,3.029289579604e-09,1.2,3.029289579604e-09,1.2,3.029289579604e-09,-1.154421977529189e-06
3.032935029012e-09,1.2,3.032935029012e-09,0,3.032935029012e-09,1.195744036068004,3.032935029012e-09,0.0005187965999996556,3.032935029012e-09,1.2,3.032935029012e-09,1.2,3.032935029012e-09,-3.470146178307557e-07
3.037417245103e-09,1.2,3.037417245103e-09,0,3.037417245103e-09,1.198657059616743,3.037417245103e-09,0.0001630937597505889,3.037417245103e-09,1.2,3.037417245103e-09,1.2,3.037417245103e-09,-2.255525354036727e-07
3.043166895305e-09,1.2,3.043166895305e-09,0,3.043166895305e-09,1.199730538484309,3.043166895305e-09,3.368753294795009e-05,3.043166895305e-09,1.2,3.043166895305e-09,1.2,3.043166895305e-09,5.968397072396355e-08
3.050953959721e-09,1.2,3.050953959721e-09,0,3.050953959721e-09,1.19998595704645,3.050953959721e-09,9.895608976467234e-07,3.050953959721e-09,1.2,3.050953959721e-09,1.2,3.050953959721e-09,-8.911789608699007e-08
3.06249861823e-09,1.2,3.06249861823e-09,0,3.06249861823e-09,1.199999453190564,3.06249861823e-09,9.898231982201323e-07,3.06249861823e-09,1.2,3.06249861823e-09,1.2,3.06249861823e-09,8.693105214778929e-08
3.081879181374e-09,1.2,3.081879181374e-09,0,3.081879181374e-09,1.199998713923094,3.081879181374e-09,-2.386826580460115e-07,3.081879181374e-09,1.2,3.081879181374e-09,1.2,3.081879181374e-09,-8.760121495723886e-08
3.120640307661e-09,1.2,3.120640307661e-09,0,3.120640307661e-09,1.19999778312689,3.120640307661e-09,9.897512671956282e-07,3.120640307661e-09,1.2,3.120640307661e-09,1.2,3.120640307661e-09,8.663700878711742e-08
3.198162560235e-09,1.2,3.198162560235e-09,0,3.198162560235e-09,1.199999406382906,3.198162560235e-09,4.972625196444283e-09,3.198162560235e-09,1.2,3.198162560235e-09,1.2,3.198162560235e-09,-8.745006983037236e-08
3.353207065384e-09,1.2,3.353207065384e-09,0,3.353207065384e-09,1.199997028002032,3.353207065384e-09,5.110069532571573e-07,3.353207065384e-09,1.2,3.353207065384e-09,1.2,3.353207065384e-09,8.649208934241569e-08
3.663296075681e-09,1.2,3.663296075681e-09,0,3.663296075681e-09,1.200000216011517,3.663296075681e-09,5.880741351798569e-07,3.663296075681e-09,1.2,3.663296075681e-09,1.2,3.663296075681e-09,-8.730729413984841e-08
4.263296075681e-09,1.2,4.263296075681e-09,0,4.263296075681e-09,1.199996238869389,4.263296075681e-09,-7.4224426732412e-08,4.263296075681e-09,1.2,4.263296075681e-09,1.2,4.263296075681e-09,8.635969082812533e-08
4.863296075681e-09,1.2,4.863296075681e-09,0,4.863296075681e-09,1.200000938153701,4.863296075681e-09,1.130846942047279e-06,4.863296075681e-09,1.2,4.863296075681e-09,1.2,4.863296075681e-09,-8.718718370036484e-08
5.463296075680999e-09,1.2,5.463296075680999e-09,0,5.463296075680999e-09,1.199995914017059,5.463296075680999e-09,-3.310255719797923e-07,5.463296075680999e-09,1.2,5.463296075680999e-09,1.2,5.463296075680999e-09,8.629935865074136e-08
5.999999999999999e-09,1.2,5.999999999999999e-09,0,5.999999999999999e-09,1.200000911707687,5.999999999999999e-09,1.133060241410949e-06,5.999999999999999e-09,1.2,5.999999999999999e-09,1.2,5.999999999999999e-09,-8.717958131275091e-08
6.000005212672999e-09,1.2,6.000005212672999e-09,0,6.000005212672999e-09,1.199967083111073,6.000005212672999e-09,-4.539785630230622e-05,6.000005212672999e-09,1.2,6.000005212672999e-09,1.199374479166637,6.000005212672999e-09,-1.825984880888877e-06
6.000015638019999e-09,1.2,6.000015638019999e-09,0,6.000015638019999e-09,1.199887494592675,6.000015638019999e-09,-0.0001645394113159008,6.000015638019999e-09,1.2,6.000015638019999e-09,1.198123437499909,6.000015638019999e-09,-3.516496399715244e-06
6.000036488714999e-09,1.2,6.000036488714999e-09,0,6.000036488714999e-09,1.199729990082312,6.000036488714999e-09,-0.000408136462382117,6.000036488714999e-09,1.2,6.000036488714999e-09,1.195621354166455,6.000036488714999e-09,-2.697371005962215e-06
6.000078190103999e-09,1.2,6.000078190103999e-09,0,6.000078190103999e-09,1.199427387081142,6.000078190103999e-09,-0.0008682349533893575,6.000078190103999e-09,1.2,6.000078190103999e-09,1.190617187499547,6.000078190103999e-09,-3.168765572397941e-06
6.000161592880999e-09,1.2,6.000161592880999e-09,0,6.000161592880999e-09,1.198842991168745,6.000161592880999e-09,-0.001747126577438085,6.000161592880999e-09,1.2,6.000161592880999e-09,1.180608854165731,6.000161592880999e-09,-2.643365860687075e-06
6.000328398437e-09,1.2,6.000328398437e-09,0,6.000328398437e-09,1.19777175595839,6.000328398437e-09,-0.003307717513156293,6.000328398437e-09,1.2,6.000328398437e-09,1.160592187498098,6.000328398437e-09,-2.87703948582448e-06
6.000662009547999e-09,1.2,6.000662009547999e-09,0,6.000662009547999e-09,1.195940261267816,6.000662009547999e-09,-0.005822059439824841,6.000662009547999e-09,1.2,6.000662009547999e-09,1.120558854162833,6.000662009547999e-09,-2.26015052150391e-06
6.001329231769999e-09,1.2,6.001329231769999e-09,0,6.001329231769999e-09,1.193200811012097,6.001329231769999e-09,-0.009152482849371122,6.001329231769999e-09,1.2,6.001329231769999e-09,1.040492187492303,6.001329231769999e-09,-2.374134546544552e-06
6.002663676214999e-09,1.2,6.002663676214999e-09,0,6.002663676214999e-09,1.189830269320134,6.002663676214999e-09,-0.01247394068240057,6.002663676214999e-09,1.2,6.002663676214999e-09,0.8803588541512417,6.002663676214999e-09,-1.918305719323978e-06
6.004395995298999e-09,1.2,6.004395995298999e-09,0,6.004395995298999e-09,1.187501883210424,6.004395995298999e-09,-0.01441158631810478,6.004395995298999e-09,1.2,6.004395995298999e-09,0.6724805640499711,6.004395995298999e-09,-2.401555875114214e-06
6.006773966879e-09,1.2,6.006773966879e-09,0,6.006773966879e-09,1.18620304359344,6.006773966879e-09,-0.0147404016303528,6.006773966879e-09,1.2,6.006773966879e-09,0.3871239745131737,6.006773966879e-09,-1.893061386896104e-06
6.008386983439e-09,1.2,6.008386983439e-09,0,6.008386983439e-09,1.186505898387325,6.008386983439e-09,-0.01202104274305268,6.008386983439e-09,1.2,6.008386983439e-09,0.1935619872565868,6.008386983439e-09,-1.816032283987928e-06
6.01e-09,1.2,6.01e-09,0,6.01e-09,1.186687088814111,6.01e-09,-0.009436553378576802,6.01e-09,1.2,6.01e-09,0,6.01e-09,-1.862908958817855e-06
6.010001303167999e-09,1.2,6.010001303167999e-09,0,6.010001303167999e-09,1.186692355724723,6.010001303167999e-09,-0.00943001397978489,6.010001303167999e-09,1.2,6.010001303167999e-09,0,6.010001303167999e-09,-1.318502586727046e-06
6.010001954751999e-09,1.2,6.010001954751999e-09,0,6.010001954751999e-09,1.186695411701608,6.010001954751999e-09,-0.009426299739952839,6.010001954751999e-09,1.2,6.010001954751999e-09,0,6.010001954751999e-09,-1.022593855497509e-06
6.010003257921e-09,1.2,6.010003257921e-09,0,6.010003257921e-09,1.186702852785389,6.010003257921e-09,-0.009417282152549823,6.010003257921e-09,1.2,6.010003257921e-09,0,6.010003257921e-09,-5.176888208794333e-07
6.010005864257e-09,1.2,6.010005864257e-09,0,6.010005864257e-09,1.186718545978306,6.010005864257e-09,-0.00939780919550395,6.010005864257e-09,1.2,6.010005864257e-09,0,6.010005864257e-09,-8.857885751683438e-08
6.010007167425999e-09,1.2,6.010007167425999e-09,0,6.010007167425999e-09,1.18672620876184,6.010007167425999e-09,-0.009388185254632126,6.010007167425999e-09,1.2,6.010007167425999e-09,0,6.010007167425999e-09,-4.260770313778416e-08
6.010009773762999e-09,1.2,6.010009773762999e-09,0,6.010009773762999e-09,1.186741056825312,6.010009773762999e-09,-0.009369519524072941,6.010009773762999e-09,1.2,6.010009773762999e-09,0,6.010009773762999e-09,-8.228649250988076e-09
6.010014986435999e-09,1.2,6.010014986435999e-09,0,6.010014986435999e-09,1.186769800923317,6.010014986435999e-09,-0.00933336552915303,6.010014986435999e-09,1.2,6.010014986435999e-09,0,6.010014986435999e-09,-2.073065657723276e-08
6.010025411783e-09,1.2,6.010025411783e-09,0,6.010025411783e-09,1.186826091865787,6.010025411783e-09,-0.009262646053202503,6.010025411783e-09,1.2,6.010025411783e-09,0,6.010025411783e-09,-5.134402108252691e-08
6.010046262477999e-09,1.2,6.010046262477999e-09,0,6.010046262477999e-09,1.186937350177745,6.010046262477999e-09,-0.009123152276395281,6.010046262477999e-09,1.2,6.010046262477999e-09,0,6.010046262477999e-09,-5.756047998456673e-08
6.010087963866999e-09,1.2,6.010087963866999e-09,0,6.010087963866999e-09,1.187156303255154,6.010087963866999e-09,-0.008849874313703866,6.010087963866999e-09,1.2,6.010087963866999e-09,0,6.010087963866999e-09,-6.947305738660309e-08
6.010171366645e-09,1.2,6.010171366645e-09,0,6.010171366645e-09,1.187580414364003,6.010171366645e-09,-0.008325634882294528,6.010171366645e-09,1.2,6.010171366645e-09,0,6.010171366645e-09,-9.223712346071802e-08
6.0103381722e-09,1.2,6.0103381722e-09,0,6.0103381722e-09,1.188376692916735,6.0103381722e-09,-0.007360583779913886,6.0103381722e-09,1.2,6.0103381722e-09,0,6.0103381722e-09,-1.328294115961408e-07
6.010671783311e-09,1.2,6.010671783311e-09,0,6.010671783311e-09,1.1897846184061,6.010671783311e-09,-0.005723562566321509,6.010671783311e-09,1.2,6.010671783311e-09,0,6.010671783311e-09,-1.977684908090984e-07
6.011339005533999e-09,1.2,6.011339005533999e-09,0,6.011339005533999e-09,1.192011290120414,6.011339005533999e-09,-0.003359813220947582,6.011339005533999e-09,1.2,6.011339005533999e-09,0,6.011339005533999e-09,-2.767931186599248e-07
6.012673449978999e-09,1.2,6.012673449978999e-09,0,6.012673449978999e-09,1.194910782479351,6.012673449978999e-09,-0.0008831265688659675,6.012673449978999e-09,1.2,6.012673449978999e-09,0,6.012673449978999e-09,-3.153438455166737e-07
6.015026109556e-09,1.2,6.015026109556e-09,0,6.015026109556e-09,1.197442602354637,6.015026109556e-09,0.000279695683715558,6.015026109556e-09,1.2,6.015026109556e-09,0,6.015026109556e-09,-2.487234028277081e-07
6.018014983997999e-09,1.2,6.018014983997999e-09,0,6.018014983997999e-09,1.198793384875643,6.018014983997999e-09,0.0002668333674384795,6.018014983997999e-09,1.2,6.018014983997999e-09,0,6.018014983997999e-09,-1.194122528111908e-07
6.022140546873999e-09,1.2,6.022140546873999e-09,0,6.022140546873999e-09,1.199563132678168,6.022140546873999e-09,0.000109894392645942,6.022140546873999e-09,1.2,6.022140546873999e-09,0,6.022140546873999e-09,-5.454663609030481e-08
6.028908827717e-09,1.2,6.028908827717e-09,0,6.028908827717e-09,1.199941329644143,6.028908827717e-09,1.629656078490631e-05,6.028908827717e-09,1.2,6.028908827717e-09,0,6.028908827717e-09,5.394203032346624e-10
6.040584865656e-09,1.2,6.040584865656e-09,0,6.040584865656e-09,1.200008754881842,6.040584865656e-09,-2.411960422524782e-06,6.040584865656e-09,1.2,6.040584865656e-09,0,6.040584865656e-09,-7.018518829919345e-09
6.05977107202e-09,1.2,6.05977107202e-09,0,6.05977107202e-09,1.199994475128543,6.05977107202e-09,2.004905654340357e-06,6.05977107202e-09,1.2,6.05977107202e-09,0,6.05977107202e-09,6.86862985131423e-09
6.094953303614999e-09,1.2,6.094953303614999e-09,0,6.094953303614999e-09,1.200000895881691,6.094953303614999e-09,-2.678989906229948e-07,6.094953303614999e-09,1.2,6.094953303614999e-09,0,6.094953303614999e-09,-7.941014211313004e-09
6.165317766804999e-09,1.2,6.165317766804999e-09,0,6.165317766804999e-09,1.199996491971989,6.165317766804999e-09,1.42342300366436e-06,6.165317766804999e-09,1.2,6.165317766804999e-09,0,6.165317766804999e-09,7.122706857068722e-09
6.306046693183999e-09,1.2,6.306046693183999e-09,0,6.306046693183999e-09,1.200000067505246,6.306046693183999e-09,4.354635375301017e-10,6.306046693183999e-09,1.2,6.306046693183999e-09,0,6.306046693183999e-09,-8.041108276761987e-09
6.587504545942999e-09,1.2,6.587504545942999e-09,0,6.587504545942999e-09,1.199996905243223,6.587504545942999e-09,1.270798901568448e-06,6.587504545942999e-09,1.2,6.587504545942999e-09,0,6.587504545942999e-09,7.173988927744697e-09
6.999999999999999e-09,1.2,6.999999999999999e-09,0,6.999999999999999e-09,1.199999811310716,6.999999999999999e-09,1.102578465231574e-07,6.999999999999999e-09,1.2,6.999999999999999e-09,0,6.999999999999999e-09,-8.074467658929558e-09
7.599999999999999e-09,1.2,7.599999999999999e-09,0,7.599999999999999e-09,1.199998424341464,7.599999999999999e-09,6.628242488413194e-07,7.599999999999999e-09,1.2,7.599999999999999e-09,0,7.599999999999999e-09,-4.417381983861483e-10
8.199999999999999e-09,1.2,8.199999999999999e-09,0,8.199999999999999e-09,1.199998403804236,8.199999999999999e-09,6.689117087792074e-07,8.199999999999999e-09,1.2,8.199999999999999e-09,0,8.199999999999999e-09,-4.442812671231698e-10
8.799999999999999e-09,1.2,8.799999999999999e-09,0,8.799999999999999e-09,1.199998426089679,8.799999999999999e-09,6.613803805679041e-07,8.799999999999999e-09,1.2,8.799999999999999e-09,0,8.799999999999999e-09,-4.414309703182257e-10
8.99e-09,1.2,8.99e-09,0,8.99e-09,1.199998403507776,8.99e-09,6.696447427001152e-07,8.99e-09,1.2,8.99e-09,0,8.99e-09,-4.443857099831248e-10
8.990083402776999e-09,1.2,8.990083402776999e-09,0.01000833333341926,8.990083402776999e-09,1.199998991114274,8.990083402776999e-09,2.753551166129886e-06,8.990083402776999e-09,1.2,8.990083402776999e-09,0,8.990083402776999e-09,3.91307104749177e-09
8.990250208332999e-09,1.2,8.990250208332999e-09,0.03002500000025778,8.990250208332999e-09,1.199999166589312,8.990250208332999e-09,3.33901834686412e-06,8.990250208332999e-09,1.2,8.990250208332999e-09,0,8.990250208332999e-09,-3.26246114191292e-09
8.990583819443999e-09,1.2,8.990583819443999e-09,0.07005833333393481,8.990583819443999e-09,1.199999168091899,8.990583819443999e-09,3.672218033873665e-06,8.990583819443999e-09,1.2,8.990583819443999e-09,0,8.990583819443999e-09,2.767995974527572e-09
8.991144300436998e-09,1.2,8.991144300436998e-09,0.1373160524906661,8.991144300436998e-09,1.199999462523823,8.991144300436998e-09,4.607993950419007e-06,8.991144300436998e-09,1.2,8.991144300436998e-09,0,8.991144300436998e-09,-2.73898410890483e-09
8.992265262422999e-09,1.2,8.992265262422999e-09,0.2718314908041288,8.992265262422999e-09,1.199999055513538,8.992265262422999e-09,4.403141217360268e-06,8.992265262422999e-09,1.2,8.992265262422999e-09,0,8.992265262422999e-09,1.986676433242496e-09
8.994507186394999e-09,1.2,8.994507186394999e-09,0.5408623674310541,8.994507186394999e-09,1.199998723954907,8.994507186394999e-09,3.732116747478514e-06,8.994507186394999e-09,1.2,8.994507186394999e-09,0,8.994507186394999e-09,-2.85470145784825e-09
8.997253593197e-09,1.2,8.997253593197e-09,0.8704311837154277,8.997253593197e-09,1.199998218643539,8.997253593197e-09,2.226175713279802e-06,8.997253593197e-09,1.2,8.997253593197e-09,0,8.997253593197e-09,1.776429914682858e-09
9e-09,1.2,9e-09,1.199999999999801,9e-09,1.19999830680799,9e-09,1.924008553348123e-06,9e-09,1.2,9e-09,0,9e-09,-2.713430911182422e-09
9.000083402776999e-09,1.2,9.000083402776999e-09,1.2,9.000083402776999e-09,1.199997924893748,9.000083402776999e-09,6.050145354583553e-07,9.000083402776999e-09,1.2,9.000083402776999e-09,0,9.000083402776999e-09,-3.282686649112788e-09
9.000250208332999e-09,1.2,9.000250208332999e-09,1.2,9.000250208332999e-09,1.199997936214573,9.000250208332999e-09,6.412179659171192e-07,9.000250208332999e-09,1.2,9.000250208332999e-09,0,9.000250208332999e-09,2.210145951708256e-09
9.000271059027e-09,1.2,9.000271059027e-09,1.2,9.000271059027e-09,1.199997960732889,9.000271059027e-09,6.797985519860757e-07,9.000271059027e-09,1.2,9.000271059027e-09,0,9.000271059027e-09,-1.70674038348462e-09
9.000312760416e-09,1.2,9.000312760416e-09,1.2,9.000312760416e-09,1.199997952689166,9.000312760416e-09,6.529529659579494e-07,9.000312760416e-09,1.2,9.000312760416e-09,0,9.000312760416e-09,3.554294170065986e-10
9.000396163194e-09,1.2,9.000396163194e-09,1.2,9.000396163194e-09,1.199997978119366,9.000396163194e-09,7.104479746406339e-07,9.000396163194e-09,1.2,9.000396163194e-09,0,9.000396163194e-09,-1.06753076044826e-09
9.000562968748999e-09,1.2,9.000562968748999e-09,1.2,9.000562968748999e-09,1.199997998853913,9.000562968748999e-09,7.267992480208642e-07,9.000562968748999e-09,1.2,9.000562968748999e-09,0,9.000562968748999e-09,1.248695775422265e-10
9.000896579860998e-09,1.2,9.000896579860998e-09,1.2,9.000896579860998e-09,1.199998071637832,9.000896579860998e-09,8.675559576957881e-07,9.000896579860998e-09,1.2,9.000896579860998e-09,0,9.000896579860998e-09,-9.323981981324332e-10
9.001563802083e-09,1.2,9.001563802083e-09,1.2,9.001563802083e-09,1.199998152136081,9.001563802083e-09,9.785305257242758e-07,9.001563802083e-09,1.2,9.001563802083e-09,0,9.001563802083e-09,4.577256453956149e-11
9.002898246526999e-09,1.2,9.002898246526999e-09,1.2,9.002898246526999e-09,1.199998280486854,9.002898246526999e-09,1.196001873802561e-06,9.002898246526999e-09,1.2,9.002898246526999e-09,0,9.002898246526999e-09,-9.121169938022718e-10
9.005567135415998e-09,1.2,9.005567135415998e-09,1.2,9.005567135415998e-09,1.19999836321776,9.005567135415998e-09,1.277360530952741e-06,9.005567135415998e-09,1.2,9.005567135415998e-09,0,9.005567135415998e-09,1.887538299641918e-11
9.010904913193999e-09,1.2,9.010904913193999e-09,1.2,9.010904913193999e-09,1.199998414188651,9.010904913193999e-09,1.336507021899143e-06,9.010904913193999e-09,1.2,9.010904913193999e-09,0,9.010904913193999e-09,-9.057967156736267e-10
9.021580468748999e-09,1.2,9.021580468748999e-09,1.2,9.021580468748999e-09,1.199998407667881,9.021580468748999e-09,1.287356657517255e-06,9.021580468748999e-09,1.2,9.021580468748999e-09,0,9.021580468748999e-09,1.755072267647724e-11
9.042931579858999e-09,1.2,9.042931579858999e-09,1.2,9.042931579858999e-09,1.199998420994877,9.042931579858999e-09,1.331762253254551e-06,9.042931579858999e-09,1.2,9.042931579858999e-09,0,9.042931579858999e-09,-9.027215110098855e-10
9.085633802079999e-09,1.2,9.085633802079999e-09,1.2,9.085633802079999e-09,1.199998407531091,9.085633802079999e-09,1.288338894576097e-06,9.085633802079999e-09,1.2,9.085633802079999e-09,0,9.085633802079999e-09,1.641853670874019e-11
9.171038246522e-09,1.2,9.171038246522e-09,1.2,9.171038246522e-09,1.199998420971961,9.171038246522e-09,1.331387332239218e-06,9.171038246522e-09,1.2,9.171038246522e-09,0,9.171038246522e-09,-9.021741377727612e-10
9.341847135406e-09,1.2,9.341847135406e-09,1.2,9.341847135406e-09,1.199998407552618,9.341847135406e-09,1.28850478892307e-06,9.341847135406e-09,1.2,9.341847135406e-09,0,9.341847135406e-09,1.614777196841412e-11
9.683464913172999e-09,1.2,9.683464913172999e-09,1.2,9.683464913172999e-09,1.199998420959462,9.683464913172999e-09,1.331309113910761e-06,9.683464913172999e-09,1.2,9.683464913172999e-09,0,9.683464913172999e-09,-9.020393651249268e-10
1.0283464913173e-08,1.2,1.0283464913173e-08,1.2,1.0283464913173e-08,1.199998407559221,1.0283464913173e-08,1.288544515799702e-06,1.0283464913173e-08,1.2,1.0283464913173e-08,0,1.0283464913173e-08,1.607737086760604e-11
1.0883464913173e-08,1.2,1.0883464913173e-08,1.2,1.0883464913173e-08,1.199998420954865,1.0883464913173e-08,1.331280799706706e-06,1.0883464913173e-08,1.2,1.0883464913173e-08,0,1.0883464913173e-08,-9.019882921193845e-10
1.1483464913173e-08,1.2,1.1483464913173e-08,1.2,1.1483464913173e-08,1.199998407564196,1.1483464913173e-08,1.28857233229176e-06,1.1483464913173e-08,1.2,1.1483464913173e-08,0,1.1483464913173e-08,1.602638476902007e-11
1.2e-08,1.2,1.2e-08,1.2,1.2e-08,1.19999842095027,1.2e-08,1.331259234139284e-06,1.2e-08,1.2,1.2e-08,0,1.2e-08,-9.019330955372809e-10
1.26e-08,1.2,1.26e-08,1.2,1.26e-08,1.199998414258854,1.26e-08,1.309923006128902e-06,1.26e-08,1.2,1.26e-08,0,1.26e-08,-4.42974585778327e-10
1.299e-08,1.2,1.299e-08,1.2,1.299e-08,1.199998414257688,1.299e-08,1.309916439466505e-06,1.299e-08,1.2,1.299e-08,0,1.299e-08,-4.429618457922924e-10
1.2990005212673e-08,1.2,1.2990005212673e-08,1.2,1.2990005212673e-08,1.200026586889457,1.2990005212673e-08,2.764604009411807e-05,1.2990005212673e-08,1.2,1.2990005212673e-08,0.0006255208333635191,1.2990005212673e-08,1.146587759677894e-06
1.299001563802e-08,1.2,1.299001563802e-08,1.2,1.299001563802e-08,1.200088101062064,1.299001563802e-08,8.47000466840152e-05,1.299001563802e-08,1.2,1.299001563802e-08,0.001876562500090557,1.299001563802e-08,1.811813941689312e-06
1.2990036488715e-08,1.2,1.2990036488715e-08,1.2,1.2990036488715e-08,1.200206076095085,1.2990036488715e-08,0.0001910609548417587,1.2990036488715e-08,1.2,1.2990036488715e-08,0.004378645833544634,1.2990036488715e-08,1.387698529832377e-06
1.2990078190104e-08,1.2,1.2990078190104e-08,1.2,1.2990078190104e-08,1.200436692253575,1.2990078190104e-08,0.0003975651986545288,1.2990078190104e-08,1.2,1.2990078190104e-08,0.009382812500452788,1.2990078190104e-08,1.70261703377288e-06
1.2990161592881e-08,1.2,1.2990161592881e-08,1.2,1.2990161592881e-08,1.200888057792251,1.2990161592881e-08,0.0007987427354914985,1.2990161592881e-08,1.2,1.2990161592881e-08,0.01939114583426909,1.2990161592881e-08,1.445477551289804e-06
1.2990328398437e-08,1.2,1.2990328398437e-08,1.2,1.2990328398437e-08,1.201741012697306,1.2990328398437e-08,0.001542130692878248,1.2990328398437e-08,1.2,1.2990328398437e-08,0.0394078125019017,1.2990328398437e-08,1.709317279929605e-06
1.2990662009548e-08,1.2,1.2990662009548e-08,1.2,1.2990662009548e-08,1.203280253301723,1.2990662009548e-08,0.002837946630795084,1.2990662009548e-08,1.2,1.2990662009548e-08,0.07944114583716692,1.2990662009548e-08,1.514129255569679e-06
1.299132923177e-08,1.2,1.299132923177e-08,1.2,1.299132923177e-08,1.205810602740088,1.299132923177e-08,0.004854906162990846,1.299132923177e-08,1.2,1.299132923177e-08,0.1595078125076974,1.299132923177e-08,1.849956530724234e-06
1.2992663676215e-08,1.2,1.2992663676215e-08,1.2,1.2992663676215e-08,1.209523987350272,1.2992663676215e-08,0.008108476549414096,1.2992663676215e-08,1.2,1.2992663676215e-08,0.3196411458487583,1.2992663676215e-08,1.980280659610592e-06
1.2994940035054e-08,1.2,1.2994940035054e-08,1.2,1.2994940035054e-08,1.215570547157512,1.2994940035054e-08,0.02160882853169905,1.2994940035054e-08,1.2,1.2994940035054e-08,0.5928042065342162,1.2994940035054e-08,4.021777809907847e-06
1.2997075933957e-08,1.2,1.2997075933957e-08,1.2,1.2997075933957e-08,1.224508933272725,1.2997075933957e-08,0.05685087824666248,1.2997075933957e-08,1.2,1.2997075933957e-08,0.849112074841687,1.2997075933957e-08,6.949931766208117e-06
1.2998537966978e-08,1.2,1.2998537966978e-08,1.2,1.2998537966978e-08,1.232628950791315,1.2998537966978e-08,0.09698235978012611,1.2998537966978e-08,1.2,1.2998537966978e-08,1.024556037420843,1.2998537966978e-08,9.145347150226979e-06
1.3e-08,1.2,1.3e-08,1.2,1.3e-08,1.240613160309281,1.3e-08,0.1459113433315956,1.3e-08,1.2,1.3e-08,1.2,1.3e-08,1.012131224759144e-05
1.3000005212673e-08,1.2,1.3000005212673e-08,1.2,1.3000005212673e-08,1.240601810519961,1.3000005212673e-08,0.1460366024561093,1.3000005212673e-08,1.2,1.3000005212673e-08,1.2,1.3000005212673e-08,8.277135841529569e-06
1.300001563802e-08,1.2,1.300001563802e-08,1.2,1.300001563802e-08,1.240567031754791,1.300001563802e-08,0.1462605818751219,1.300001563802e-08,1.2,1.300001563802e-08,1.2,1.300001563802e-08,6.792408635418961e-06
1.3000020850694e-08,1.2,1.3000020850694e-08,1.2,1.3000020850694e-08,1.240546705769777,1.3000020850694e-08,0.146364688053848,1.3000020850694e-08,1.2,1.3000020850694e-08,1.2,1.3000020850694e-08,7.115467739680857e-06
1.3000023457031e-08,1.2,1.3000023457031e-08,1.2,1.3000023457031e-08,1.240537627132592,1.3000023457031e-08,0.1464188459144254,1.3000023457031e-08,1.2,1.3000023457031e-08,1.2,1.3000023457031e-08,7.133482694304529e-06
1.3000028669704e-08,1.2,1.3000028669704e-08,1.2,1.3000028669704e-08,1.24051874743857,1.3000028669704e-08,0.1465257977508985,1.3000028669704e-08,1.2,1.3000028669704e-08,1.2,1.3000028669704e-08,7.094055712698475e-06
1.3000039095052e-08,1.2,1.3000039095052e-08,1.2,1.3000039095052e-08,1.240480867661639,1.3000039095052e-08,0.1467386595546825,1.3000039095052e-08,1.2,1.3000039095052e-08,1.2,1.3000039095052e-08,7.096251350983186e-06
1.3000059945746e-08,1.2,1.3000059945746e-08,1.2,1.3000059945746e-08,1.24040413327516,1.3000059945746e-08,0.1471603945460493,1.3000059945746e-08,1.2,1.3000059945746e-08,1.2,1.3000059945746e-08,7.023891362994252e-06
1.3000101647135e-08,1.2,1.3000101647135e-08,1.2,1.3000101647135e-08,1.240247350531306,1.3000101647135e-08,0.1479882244437455,1.3000101647135e-08,1.2,1.3000101647135e-08,1.2,1.3000101647135e-08,6.946549010496388e-06
1.3000185049913e-08,1.2,1.3000185049913e-08,1.2,1.3000185049913e-08,1.239920857190614,1.3000185049913e-08,0.1495833491958487,1.3000185049913e-08,1.2,1.3000185049913e-08,1.2,1.3000185049913e-08,6.735669119888434e-06
1.3000351855468e-08,1.2,1.3000351855468e-08,1.2,1.3000351855468e-08,1.239222546499972,1.3000351855468e-08,0.1525472428137789,1.3000351855468e-08,1.2,1.3000351855468e-08,1.2,1.3000351855468e-08,6.394740477000458e-06
1.300068546658e-08,1.2,1.300068546658e-08,1.2,1.300068546658e-08,1.237685021386554,1.300068546658e-08,0.1576808937945523,1.300068546658e-08,1.2,1.300068546658e-08,1.2,1.300068546658e-08,5.728767808729189e-06
1.3001352688802e-08,1.2,1.3001352688802e-08,1.2,1.3001352688802e-08,1.23429250900427,1.3001352688802e-08,0.1654786038791627,1.3001352688802e-08,1.2,1.3001352688802e-08,1.2,1.3001352688802e-08,4.696691530961368e-06
1.3002687133247e-08,1.2,1.3002687133247e-08,1.2,1.3002687133247e-08,1.227375779931748,1.3002687133247e-08,0.1748789321996841,1.3002687133247e-08,1.2,1.3002687133247e-08,1.2,1.3002687133247e-08,3.225249888604353e-06
1.3004401871131e-08,1.2,1.3004401871131e-08,1.2,1.3004401871131e-08,1.219666692661785,1.3004401871131e-08,0.1806667991315456,1.3004401871131e-08,1.2,1.3004401871131e-08,1.2,1.3004401871131e-08,2.130146151467145e-06
1.3006550338019e-08,1.2,1.3006550338019e-08,1.2,1.3006550338019e-08,1.212642357410722,1.3006550338019e-08,0.1842024374687696,1.3006550338019e-08,1.2,1.3006550338019e-08,1.2,1.3006550338019e-08,1.302780696622794e-06
1.3009286504427e-08,1.2,1.3009286504427e-08,1.2,1.3009286504427e-08,1.207056323508089,1.3009286504427e-08,0.1864971612020383,1.3009286504427e-08,1.2,1.3009286504427e-08,1.2,1.3009286504427e-08,7.215223225008784e-07
1.3013398826306e-08,1.2,1.3013398826306e-08,1.2,1.3013398826306e-08,1.20279461371142,1.3013398826306e-08,0.1881980396933277,1.3013398826306e-08,1.2,1.3013398826306e-08,1.2,1.3013398826306e-08,2.788860872528732e-07
1.3019749325711e-08,1.2,1.3019749325711e-08,1.2,1.3019749325711e-08,1.20048368580778,1.3019749325711e-08,0.189112461248569,1.3019749325711e-08,1.2,1.3019749325711e-08,1.2,1.3019749325711e-08,4.742234058330657e-08
1.3027559835476e-08,1.2,1.3027559835476e-08,1.2,1.3027559835476e-08,1.199932188384453,1.3027559835476e-08,0.1893352243295895,1.3027559835476e-08,1.2,1.3027559835476e-08,1.2,1.3027559835476e-08,-1.344838623359434e-08
1.3038330154528e-08,1.2,1.3038330154528e-08,1.2,1.3038330154528e-08,1.199857068491855,1.3038330154528e-08,0.189363729274956,1.3038330154528e-08,1.2,1.3038330154528e-08,1.2,1.3038330154528e-08,-1.640576647278446e-08
1.3054586930544e-08,1.2,1.3054586930544e-08,1.2,1.3054586930544e-08,1.199857242702109,1.3054586930544e-08,0.1893634154876296,1.3054586930544e-08,1.2,1.3054586930544e-08,1.2,1.3054586930544e-08,-2.04461028045941e-08
1.308657093781e-08,1.2,1.308657093781e-08,1.2,1.308657093781e-08,1.199857158288296,1.308657093781e-08,0.1893636320571282,1.308657093781e-08,1.2,1.308657093781e-08,1.2,1.308657093781e-08,-1.637359734901043e-08
1.3150538952342e-08,1.2,1.3150538952342e-08,1.2,1.3150538952342e-08,1.199857082471467,1.3150538952342e-08,0.1893634682978834,1.3150538952342e-08,1.2,1.3150538952342e-08,1.2,1.3150538952342e-08,-2.045793638691219e-08
1.3278474981406e-08,1.2,1.3278474981406e-08,1.2,1.3278474981406e-08,1.199857165404994,1.3278474981406e-08,0.1893636239307105,1.3278474981406e-08,1.2,1.3278474981406e-08,1.2,1.3278474981406e-08,-1.637068349797102e-08
1.3534347039534e-08,1.2,1.3534347039534e-08,1.2,1.3534347039534e-08,1.199857079741053,1.3534347039534e-08,0.1893634719036714,1.3534347039534e-08,1.2,1.3534347039534e-08,1.2,1.3534347039534e-08,-2.045930025255258e-08
1.404609115579e-08,1.2,1.404609115579e-08,1.2,1.404609115579e-08,1.199857166602574,1.404609115579e-08,0.1893636222161867,1.404609115579e-08,1.2,1.404609115579e-08,1.2,1.404609115579e-08,-1.637002098321697e-08
1.464609115579e-08,1.2,1.464609115579e-08,1.2,1.464609115579e-08,1.199857079053278,1.464609115579e-08,0.1893634729385955,1.464609115579e-08,1.2,1.464609115579e-08,1.2,1.464609115579e-08,-2.045970333350018e-08
1.524609115579e-08,1.2,1.524609115579e-08,1.2,1.524609115579e-08,1.199857167203499,1.524609115579e-08,0.1893636213012791,1.524609115579e-08,1.2,1.524609115579e-08,1.2,1.524609115579e-08,-1.636965365490033e-08
1.584609115579e-08,1.2,1.584609115579e-08,1.2,1.584609115579e-08,1.199857080080265,1.584609115579e-08,0.1893634682202431,1.584609115579e-08,1.2,1.584609115579e-08,1.2,1.584609115579e-08,-2.045986408276356e-08
1.6e-08,1.2,1.6e-08,1.2,1.6e-08,1.199857165978257,1.6e-08,0.1893636290961922,1.6e-08,1.2,1.6e-08,1.2,1.6e-08,-1.636908545053963e-08
1.6000005212673e-08,1.2,1.6000005212673e-08,1.2,1.6000005212673e-08,1.199821976965981,1.6000005212673e-08,0.189301215227936,1.6000005212673e-08,1.2,1.6000005212673e-08,1.199374479166835,1.6000005212673e-08,-2.1636371060171e-06
1.600001563802e-08,1.2,1.600001563802e-08,1.2,1.600001563802e-08,1.199741091371786,1.600001563802e-08,0.1891454898031585,1.600001563802e-08,1.2,1.600001563802e-08,1.198123437500505,1.600001563802e-08,-3.995051669597195e-06
1.6000020850694e-08,1.2,1.6000020850694e-08,1.2,1.6000020850694e-08,1.199698471723592,1.6000020850694e-08,0.1890575225677355,1.6000020850694e-08,1.2,1.6000020850694e-08,1.19749791666734,1.6000020850694e-08,-3.670989199314643e-06
1.6000031276041e-08,1.2,1.6000031276041e-08,1.2,1.6000031276041e-08,1.199616285524722,1.6000031276041e-08,0.1888880738689265,1.6000031276041e-08,1.2,1.6000031276041e-08,1.196246875001011,1.6000031276041e-08,-3.652042403068777e-06
1.6000052126736e-08,1.2,1.6000052126736e-08,1.2,1.6000052126736e-08,1.199449679777833,1.6000052126736e-08,0.188542346211644,1.6000052126736e-08,1.2,1.6000052126736e-08,1.193744791668351,1.6000052126736e-08,-3.75177097085311e-06
1.6000093828124e-08,1.2,1.6000093828124e-08,1.2,1.6000093828124e-08,1.199114969231804,1.6000093828124e-08,0.187833630733776,1.6000093828124e-08,1.2,1.6000093828124e-08,1.188740625003032,1.6000093828124e-08,-3.844819264256729e-06
1.6000177230902e-08,1.2,1.6000177230902e-08,1.2,1.6000177230902e-08,1.198434862779729,1.6000177230902e-08,0.1863423399095032,1.6000177230902e-08,1.2,1.6000177230902e-08,1.178732291672394,1.6000177230902e-08,-4.125277800240841e-06
1.6000344036458e-08,1.2,1.6000344036458e-08,1.2,1.6000344036458e-08,1.197042225950838,1.6000344036458e-08,0.1830916606196351,1.6000344036458e-08,1.2,1.6000344036458e-08,1.158715625011117,1.6000344036458e-08,-4.555475983160445e-06
1.6000677647569e-08,1.2,1.6000677647569e-08,1.2,1.6000677647569e-08,1.19416288149688,1.6000677647569e-08,0.1756633540985881,1.6000677647569e-08,1.2,1.6000677647569e-08,1.118682291688564,1.6000677647569e-08,-5.409769434143931e-06
1.6001344869791e-08,1.2,1.6001344869791e-08,1.2,1.6001344869791e-08,1.18828424374654,1.6001344869791e-08,0.1580999384710406,1.6001344869791e-08,1.2,1.6001344869791e-08,1.038615625043458,1.6001344869791e-08,-6.667030537042037e-06
1.6002657521644e-08,1.2,1.6002657521644e-08,1.2,1.6002657521644e-08,1.177498937308105,1.6002657521644e-08,0.1183726628616937,1.6002657521644e-08,1.2,1.6002657521644e-08,0.8810974027034005,1.6002657521644e-08,-8.255131072580032e-06
1.6004151814186e-08,1.2,1.6004151814186e-08,1.2,1.6004151814186e-08,1.168156772562218,1.6004151814186e-08,0.07284691929981785,1.6004151814186e-08,1.2,1.6004151814186e-08,0.7017822976143289,1.6004151814186e-08,-8.713369194356928e-06
1.6005903567292e-08,1.2,1.6005903567292e-08,1.2,1.6005903567292e-08,1.163132076009014,1.6005903567292e-08,0.03054462028550903,1.6005903567292e-08,1.2,1.6005903567292e-08,0.4915719248603637,1.6005903567292e-08,-7.640098301887316e-06
1.6007788643616e-08,1.2,1.6007788643616e-08,1.2,1.6007788643616e-08,1.164826721821724,1.6007788643616e-08,0.006076212395422312,1.6007788643616e-08,1.2,1.6007788643616e-08,0.2653627660645529,1.6007788643616e-08,-5.337291382840504e-06
1.600893138012e-08,1.2,1.600893138012e-08,1.2,1.600893138012e-08,1.168050569991555,1.600893138012e-08,0.0004233707996189613,1.600893138012e-08,1.2,1.600893138012e-08,0.1282343855617178,1.600893138012e-08,-4.445990021009989e-06
1.601e-08,1.2,1.601e-08,1.2,1.601e-08,1.170990669806923,1.601e-08,-0.002444565776927491,1.601e-08,1.2,1.601e-08,0,1.601e-08,-4.005054900335176e-06
1.6010001303168e-08,1.2,1.6010001303168e-08,1.2,1.6010001303168e-08,1.170999503207333,1.6010001303168e-08,-0.002442010335784313,1.6010001303168e-08,1.2,1.6010001303168e-08,0,1.6010001303168e-08,-3.378351133004239e-06
1.6010003909505e-08,1.2,1.6010003909505e-08,1.2,1.6010003909505e-08,1.171020846791066,1.6010003909505e-08,-0.002432814955550942,1.6010003909505e-08,1.2,1.6010003909505e-08,0,1.6010003909505e-08,-2.353684433590784e-06
1.6010005212673e-08,1.2,1.6010005212673e-08,1.2,1.6010005212673e-08,1.171032880721317,1.6010005212673e-08,-0.002426469356612461,1.6010005212673e-08,1.2,1.6010005212673e-08,0,1.6010005212673e-08,-2.131392061937204e-06
1.601000781901e-08,1.2,1.601000781901e-08,1.2,1.601000781901e-08,1.171055581898174,1.601000781901e-08,-0.002414867485603629,1.601000781901e-08,1.2,1.601000781901e-08,0,1.601000781901e-08,-2.049935550655596e-06
1.6010013031684e-08,1.2,1.6010013031684e-08,1.2,1.6010013031684e-08,1.171099394585328,1.6010013031684e-08,-0.002393425917293403,1.6010013031684e-08,1.2,1.6010013031684e-08,0,1.6010013031684e-08,-2.027357731599193e-06
1.6010023457031e-08,1.2,1.6010023457031e-08,1.2,1.6010023457031e-08,1.171185071979768,1.6010023457031e-08,-0.002352658713121162,1.6010023457031e-08,1.2,1.6010023457031e-08,0,1.6010023457031e-08,-2.076424721564448e-06
1.6010044307725e-08,1.2,1.6010044307725e-08,1.2,1.6010044307725e-08,1.171354822750523,1.6010044307725e-08,-0.002272792359986561,1.6010044307725e-08,1.2,1.6010044307725e-08,0,1.6010044307725e-08,-2.062540251222545e-06
1.6010086009114e-08,1.2,1.6010086009114e-08,1.2,1.6010086009114e-08,1.171690508309702,1.6010086009114e-08,-0.002116793076705103,1.6010086009114e-08,1.2,1.6010086009114e-08,0,1.6010086009114e-08,-2.060268292337729e-06
1.6010169411892e-08,1.2,1.6010169411892e-08,1.2,1.6010169411892e-08,1.172347103068938,1.6010169411892e-08,-0.001819580933318295,1.6010169411892e-08,1.2,1.6010169411892e-08,0,1.6010169411892e-08,-2.031691191372553e-06
1.6010336217447e-08,1.2,1.6010336217447e-08,1.2,1.6010336217447e-08,1.173603866293121,1.6010336217447e-08,-0.001280148134105991,1.6010336217447e-08,1.2,1.6010336217447e-08,0,1.6010336217447e-08,-1.996049123738693e-06
1.6010669828558e-08,1.2,1.6010669828558e-08,1.2,1.6010669828558e-08,1.17591163211053,1.6010669828558e-08,-0.000393570976801948,1.6010669828558e-08,1.2,1.6010669828558e-08,0,1.6010669828558e-08,-1.898774437031282e-06
1.601133705078e-08,1.2,1.601133705078e-08,1.2,1.601133705078e-08,1.179791953146782,1.601133705078e-08,0.0007006350158740067,1.601133705078e-08,1.2,1.601133705078e-08,0,1.601133705078e-08,-1.784204776563651e-06
1.6012671495223e-08,1.2,1.6012671495223e-08,1.2,1.6012671495223e-08,1.185602104524055,1.6012671495223e-08,0.001610073282269857,1.6012671495223e-08,1.2,1.6012671495223e-08,0,1.6012671495223e-08,-1.313720912739347e-06
1.6015015952029e-08,1.2,1.6015015952029e-08,1.2,1.6015015952029e-08,1.191918433252673,1.6015015952029e-08,0.001589286498101212,1.6015015952029e-08,1.2,1.6015015952029e-08,0,1.6015015952029e-08,-8.631121253435241e-07
1.601855485734e-08,1.2,1.601855485734e-08,1.2,1.601855485734e-08,1.196587265021223,1.601855485734e-08,0.0008412977760402492,1.601855485734e-08,1.2,1.601855485734e-08,0,1.601855485734e-08,-3.262876072993214e-07
1.6023175955157e-08,1.2,1.6023175955157e-08,1.2,1.6023175955157e-08,1.198939188810611,1.6023175955157e-08,0.0002914777392405725,1.6023175955157e-08,1.2,1.6023175955157e-08,0,1.6023175955157e-08,-1.528362467903416e-07
1.6029328649065e-08,1.2,1.6029328649065e-08,1.2,1.6029328649065e-08,1.199799845532283,1.6029328649065e-08,4.293725654515239e-05,1.6029328649065e-08,1.2,1.6029328649065e-08,0,1.6029328649065e-08,1.527576503130024e-08
1.603801043225e-08,1.2,1.603801043225e-08,1.2,1.603801043225e-08,1.200005337429686,1.603801043225e-08,3.374476945551845e-06,1.603801043225e-08,1.2,1.603801043225e-08,0,1.603801043225e-08,-3.78671156729295e-08
1.60510049159e-08,1.2,1.60510049159e-08,1.2,1.60510049159e-08,1.19999637596831,1.60510049159e-08,-3.608885907110102e-07,1.60510049159e-08,1.2,1.60510049159e-08,0,1.60510049159e-08,3.737416737565374e-08
1.6074090127472e-08,1.2,1.6074090127472e-08,1.2,1.6074090127472e-08,1.199999517410372,1.6074090127472e-08,2.570331371726378e-06,1.6074090127472e-08,1.2,1.6074090127472e-08,0,1.6074090127472e-08,-3.830147101759551e-08
1.6120260550616e-08,1.2,1.6120260550616e-08,1.2,1.6120260550616e-08,1.199997603410991,1.6120260550616e-08,2.383301576511094e-07,1.6120260550616e-08,1.2,1.6120260550616e-08,0,1.6120260550616e-08,3.742303923031747e-08
1.6212601396904e-08,1.2,1.6212601396904e-08,1.2,1.6212601396904e-08,1.199999109145933,1.6212601396904e-08,2.294037259531972e-06,1.6212601396904e-08,1.2,1.6212601396904e-08,0,1.6212601396904e-08,-3.831085716767626e-08
1.639728308948e-08,1.2,1.639728308948e-08,1.2,1.639728308948e-08,1.199997771235299,1.639728308948e-08,3.681201215709043e-07,1.639728308948e-08,1.2,1.639728308948e-08,0,1.639728308948e-08,3.74254918619429e-08
1.6766646474632e-08,1.2,1.6766646474632e-08,1.2,1.6766646474632e-08,1.199999033049579,1.6766646474632e-08,2.230914711502898e-06,1.6766646474632e-08,1.2,1.6766646474632e-08,0,1.6766646474632e-08,-3.831158990976718e-08
1.7e-08,1.2,1.7e-08,1.2,1.7e-08,1.199997824463352,1.7e-08,4.222556730156106e-07,1.7e-08,1.2,1.7e-08,0,1.7e-08,3.742584403458742e-08
1.7466707050735e-08,1.2,1.7466707050735e-08,1.2,1.7466707050735e-08,1.199998409630914,1.7466707050735e-08,1.306076083231971e-06,1.7466707050735e-08,1.2,1.7466707050735e-08,0,1.7466707050735e-08,-4.430083755086566e-10
1.8066707050735e-08,1.2,1.8066707050735e-08,1.2,1.8066707050735e-08,1.199998418789434,1.8066707050735e-08,1.313729418255106e-06,1.8066707050735e-08,1.2,1.8066707050735e-08,0,1.8066707050735e-08,-4.429333553376521e-10
1.8666707050735e-08,1.2,1.8666707050735e-08,1.2,1.8666707050735e-08,1.199998410322913,1.8666707050735e-08,1.307177487446837e-06,1.8666707050735e-08,1.2,1.8666707050735e-08,0,1.8666707050735e-08,-4.42920826880578e-10
1.9266707050735e-08,1.2,1.9266707050735e-08,1.2,1.9266707050735e-08,1.19999842088175,1.9266707050735e-08,1.311624947714916e-06,1.9266707050735e-08,1.2,1.9266707050735e-08,0,1.9266707050735e-08,-4.425949214541896e-10
1.9866707050735e-08,1.2,1.9866707050735e-08,1.2,1.9866707050735e-08,1.199998407801494,1.9866707050735e-08,1.308212281954609e-06,1.9866707050735e-08,1.2,1.9866707050735e-08,0,1.9866707050735e-08,-4.433272999762402e-10
2e-08,1.2,2e-08,1.2,2e-08,1.199998420017482,2e-08,1.3116290204685e-06,2e-08,1.2,2e-08,0,2e-08,-4.426679713850933e-10
2.0008006666666e-08,1.189991666666668,2.0008006666666e-08,1.2,2.0008006666666e-08,1.199998411612692,2.0008006666666e-08,1.309779522004763e-06,2.0008006666666e-08,1.2,2.0008006666666e-08,0,2.0008006666666e-08,-4.436393843474938e-10
2.0024019999999e-08,1.169975000000004,2.0024019999999e-08,1.2,2.0024019999999e-08,1.199998414970895,2.0024019999999e-08,1.310198397701426e-06,2.0024019999999e-08,1.2,2.0024019999999e-08,0,2.0024019999999e-08,-4.424905835026751e-10
2.0056046666666e-08,1.129941666666675,2.0056046666666e-08,1.2,2.0056046666666e-08,1.199998413284201,2.0056046666666e-08,1.309649870099362e-06,2.0056046666666e-08,1.2,2.0056046666666e-08,0,2.0056046666666e-08,-4.435136624634122e-10
2.0120099999999e-08,1.049875000000018,2.0120099999999e-08,1.2,2.0120099999999e-08,1.199998413750884,2.0120099999999e-08,1.310164845132797e-06,2.0120099999999e-08,1.2,2.0120099999999e-08,0,2.0120099999999e-08,-4.426441964317382e-10
2.0248206666666e-08,0.8897416666667036,2.0248206666666e-08,1.2,2.0248206666666e-08,1.199998411862215,2.0248206666666e-08,1.309673118851647e-06,2.0248206666666e-08,1.2,2.0248206666666e-08,0,2.0248206666666e-08,-4.437436890441783e-10
2.0504419999999e-08,0.5694750000000751,2.0504419999999e-08,1.2,2.0504419999999e-08,1.199998410540559,2.0504419999999e-08,1.310152548880534e-06,2.0504419999999e-08,1.2,2.0504419999999e-08,0,2.0504419999999e-08,-4.431293722981821e-10
2.099e-08,-0.03749999999999831,2.099e-08,1.2,2.099e-08,1.199994151455849,2.099e-08,1.299527528311665e-06,2.099e-08,1.2,2.099e-08,0,2.099e-08,-1.09909936910321e-09
2.0990005212673e-08,-0.03750651584201048,2.0990005212673e-08,1.2,2.0990005212673e-08,1.200021638378664,2.0990005212673e-08,2.742837361792064e-05,2.0990005212673e-08,1.2,2.0990005212673e-08,0.0006255208331648923,2.0990005212673e-08,1.168862620939756e-06
2.099001563802e-08,-0.03751954752603481,2.099001563802e-08,1.2,2.099001563802e-08,1.200083244117228,2.099001563802e-08,8.460923229176317e-05,2.099001563802e-08,1.2,2.099001563802e-08,0.001876562499494677,2.099001563802e-08,1.789401914595877e-06
2.0990036488715e-08,-0.03754561089408326,2.0990036488715e-08,1.2,2.0990036488715e-08,1.200201180554743,2.0990036488715e-08,0.0001908894414350107,2.0990036488715e-08,1.2,2.0990036488715e-08,0.004378645832154246,2.0990036488715e-08,1.406445479327811e-06
2.0990078190104e-08,-0.03759773763018037,2.0990078190104e-08,1.2,2.0990078190104e-08,1.200431827093791,2.0990078190104e-08,0.0003974615987360852,2.0990078190104e-08,1.2,2.0990078190104e-08,0.009382812497473384,2.0990078190104e-08,1.683545391096417e-06
2.0990161592881e-08,-0.0377019911023746,2.0990161592881e-08,1.2,2.0990161592881e-08,1.200883126997825,2.0990161592881e-08,0.0007985756423195021,2.0990161592881e-08,1.2,2.0990161592881e-08,0.01939114582811166,2.0990161592881e-08,1.462323932711981e-06
2.0990328398437e-08,-0.03791049804676283,2.0990328398437e-08,1.2,2.0990328398437e-08,1.201735910382375,2.0990328398437e-08,0.001541977655271192,2.0990328398437e-08,1.2,2.0990328398437e-08,0.03940781248938821,2.0990328398437e-08,1.690763958933281e-06
2.0990662009548e-08,-0.03832751193553952,2.0990662009548e-08,1.2,2.0990662009548e-08,1.203273714676661,2.0990662009548e-08,0.002837408222420483,2.0990662009548e-08,1.2,2.0990662009548e-08,0.07944114581194132,2.0990662009548e-08,1.529098622889977e-06
2.099132923177e-08,-0.03916153971309289,2.099132923177e-08,1.2,2.099132923177e-08,1.205786995433918,2.099132923177e-08,0.004850523802298013,2.099132923177e-08,1.2,2.099132923177e-08,0.1595078124570475,2.099132923177e-08,1.820361838638271e-06
2.0992663676214e-08,-0.0408295952681994,2.0992663676214e-08,1.2,2.0992663676214e-08,1.20890388246211,2.0992663676214e-08,0.007984280652783976,2.0992663676214e-08,1.2,2.0992663676214e-08,0.3196411457472599,2.0992663676214e-08,1.738432589489292e-06
2.0995010886322e-08,-0.04376360790366918,2.0995010886322e-08,1.2,2.0995010886322e-08,1.193733449094851,2.0995010886322e-08,0.01910137010765716,2.0995010886322e-08,1.2,2.0995010886322e-08,0.6013063587523204,2.0995010886322e-08,-2.837810600226957e-06
2.0996983152158e-08,-0.04622894019810242,2.0996983152158e-08,1.2,2.0996983152158e-08,1.138518083332925,2.0996983152158e-08,0.04429971949205056,2.0996983152158e-08,1.2,2.0996983152158e-08,0.8379782590178686,2.0996983152158e-08,-1.592559424879769e-05
2.0998491576079e-08,-0.04811447009905323,2.0998491576079e-08,1.2,2.0998491576079e-08,1.054503660422805,2.0998491576079e-08,0.08010022066458888,2.0998491576079e-08,1.2,2.0998491576079e-08,1.018989129509133,2.0998491576079e-08,-2.499357617056661e-05
2.0999390473983e-08,-0.04923809247974087,2.0999390473983e-08,1.2,2.0999390473983e-08,0.982995083208697,2.0999390473983e-08,0.1105843314153644,2.0999390473983e-08,1.2,2.0999390473983e-08,1.126856878055119,2.0999390473983e-08,-2.923054146172402e-05
2.0999695236991e-08,-0.04961904623987046,2.0999695236991e-08,1.2,2.0999695236991e-08,0.9550510373828747,2.0999695236991e-08,0.1232397850530363,2.0999695236991e-08,1.2,2.0999695236991e-08,1.16342843902756,2.0999695236991e-08,-3.000822388145282e-05
2.1e-08,-0.05,2.1e-08,1.2,2.1e-08,0.9254675478391262,2.1e-08,0.1374906691387345,2.1e-08,1.2,2.1e-08,1.2,2.1e-08,-3.121158229510574e-05
2.1000005212673e-08,-0.04999993484157984,2.1000005212673e-08,1.2,2.1000005212673e-08,0.9249106299788488,2.1000005212673e-08,0.1376840366339635,2.1000005212673e-08,1.2,2.1000005212673e-08,1.2,2.1000005212673e-08,-3.300580911441476e-05
2.100001563802e-08,-0.04999980452473952,2.100001563802e-08,1.2,2.100001563802e-08,0.9237804708460929,2.100001563802e-08,0.1380420901412886,2.100001563802e-08,1.2,2.100001563802e-08,1.2,2.100001563802e-08,-3.467265119195093e-05
2.1000020850694e-08,-0.04999973936631935,2.1000020850694e-08,1.2,2.1000020850694e-08,0.9232104443736989,2.1000020850694e-08,0.1382112701297831,2.1000020850694e-08,1.2,2.1000020850694e-08,1.2,2.1000020850694e-08,-3.441468781619278e-05
2.1000023457031e-08,-0.04999970678710927,2.1000023457031e-08,1.2,2.1000023457031e-08,0.9229268771836888,2.1000023457031e-08,0.138297826265309,2.1000023457031e-08,1.2,2.1000023457031e-08,1.2,2.1000023457031e-08,-3.436382084597865e-05
2.1000028669704e-08,-0.04999964162868911,2.1000028669704e-08,1.2,2.1000028669704e-08,0.922359741487216,2.1000028669704e-08,0.1384704312148405,2.1000028669704e-08,1.2,2.1000028669704e-08,1.2,2.1000028669704e-08,-3.440244587871604e-05
2.1000039095052e-08,-0.04999951131184878,2.1000039095052e-08,1.2,2.1000039095052e-08,0.9212267533559874,2.1000039095052e-08,0.1388162977275732,2.1000039095052e-08,1.2,2.1000039095052e-08,1.2,2.1000039095052e-08,-3.43947054917151e-05
2.1000059945746e-08,-0.04999925067816813,2.1000059945746e-08,1.2,2.1000059945746e-08,0.9189652438720654,2.1000059945746e-08,0.1395100071688863,2.1000059945746e-08,1.2,2.1000059945746e-08,1.2,2.1000059945746e-08,-3.446575670820883e-05
2.1000101647135e-08,-0.04999872941080683,2.1000101647135e-08,1.2,2.1000101647135e-08,0.9144600359124424,2.1000101647135e-08,0.1409052381304569,2.1000101647135e-08,1.2,2.1000101647135e-08,1.2,2.1000101647135e-08,-3.453484229817909e-05
2.1000185049913e-08,-0.04999768687608423,2.1000185049913e-08,1.2,2.1000185049913e-08,0.9055200129018308,2.1000185049913e-08,0.1437267492582925,2.1000185049913e-08,1.2,2.1000185049913e-08,1.2,2.1000185049913e-08,-3.473049289121651e-05
2.1000351855468e-08,-0.04999560180663902,2.1000351855468e-08,1.2,2.1000351855468e-08,0.8879137064100636,2.1000351855468e-08,0.1494921870453794,2.1000351855468e-08,1.2,2.1000351855468e-08,1.2,2.1000351855468e-08,-3.502596632673512e-05
2.100068546658e-08,-0.04999143166774861,2.100068546658e-08,1.2,2.100068546658e-08,0.8537238086649173,2.100068546658e-08,0.1614951772241282,2.100068546658e-08,1.2,2.100068546658e-08,1.2,2.100068546658e-08,-3.554536123639186e-05
2.1001352688802e-08,-0.04998309138996778,2.1001352688802e-08,1.2,2.1001352688802e-08,0.7888421712881403,2.1001352688802e-08,0.1873307000463007,2.1001352688802e-08,1.2,2.1001352688802e-08,1.2,2.1001352688802e-08,-3.605282808195039e-05
2.1002687133247e-08,-0.04996641083440612,2.1002687133247e-08,1.2,2.1002687133247e-08,0.6689118985531516,2.1002687133247e-08,0.2466021892069346,2.1002687133247e-08,1.2,2.1002687133247e-08,1.2,2.1002687133247e-08,-3.652535235302017e-05
2.1004332833436e-08,-0.04994583958204283,2.1004332833436e-08,1.2,2.1004332833436e-08,0.5296845966854616,2.1004332833436e-08,0.3305594483007686,2.1004332833436e-08,1.2,2.1004332833436e-08,1.2,2.1004332833436e-08,-3.888445892866708e-05
2.1006115791427e-08,-0.04992355260716227,2.1006115791427e-08,1.2,2.1006115791427e-08,0.3801808310824388,2.1006115791427e-08,0.4273883545088772,2.1006115791427e-08,1.2,2.1006115791427e-08,1.2,2.1006115791427e-08,-4.325956254732339e-05
2.1008205281085e-08,-0.04989743398642919,2.1008205281085e-08,1.2,2.1008205281085e-08,0.2156339355153462,2.1008205281085e-08,0.5475318317625884,2.1008205281085e-08,1.2,2.1008205281085e-08,1.2,2.1008205281085e-08,-4.488324267920714e-05
2.1009906460195e-08,-0.04987616924755055,2.1009906460195e-08,1.2,2.1009906460195e-08,0.1117506483611046,2.1009906460195e-08,0.6569620530296677,2.1009906460195e-08,1.2,2.1009906460195e-08,1.2,2.1009906460195e-08,-4.08456861079217e-05
2.10116115393e-08,-0.04985485575874264,2.10116115393e-08,1.2,2.10116115393e-08,0.04894597648451832,2.10116115393e-08,0.7769951197470272,2.10116115393e-08,1.2,2.10116115393e-08,1.2,2.10116115393e-08,-3.501736396854623e-05
2.1013489698002e-08,-0.04983137877496373,2.1013489698002e-08,1.2,2.1013489698002e-08,0.01687799875082548,2.1013489698002e-08,0.9061118254815934,2.1013489698002e-08,1.2,2.1013489698002e-08,1.2,2.1013489698002e-08,-2.718378194569701e-05
2.1015401787457e-08,-0.04980747765677737,2.1015401787457e-08,1.2,2.1015401787457e-08,0.001123330340463018,2.1015401787457e-08,1.010310655263951,2.1015401787457e-08,1.2,2.1015401787457e-08,1.2,2.1015401787457e-08,-1.875389822308844e-05
2.1017106955732e-08,-0.04978616305334954,2.1017106955732e-08,1.2,2.1017106955732e-08,-0.00716084499781501,2.1017106955732e-08,1.072650232788166,2.1017106955732e-08,1.2,2.1017106955732e-08,1.2,2.1017106955732e-08,-1.244421551676419e-05
2.1019376841352e-08,-0.04975778948308947,2.1019376841352e-08,1.2,2.1019376841352e-08,-0.01318318790600462,2.1019376841352e-08,1.125350988107725,2.1019376841352e-08,1.2,2.1019376841352e-08,1.2,2.1019376841352e-08,-7.527880068407128e-06
2.1021597128887e-08,-0.04973003588890389,2.1021597128887e-08,1.2,2.1021597128887e-08,-0.01629137840712121,2.1021597128887e-08,1.155926462006113,2.1021597128887e-08,1.2,2.1021597128887e-08,1.2,2.1021597128887e-08,-4.355664324985612e-06
2.1024048154198e-08,-0.04969939807251917,2.1024048154198e-08,1.2,2.1024048154198e-08,-0.01827187189464427,2.1024048154198e-08,1.175542547223668,2.1024048154198e-08,1.2,2.1024048154198e-08,1.2,2.1024048154198e-08,-2.584858696672848e-06
2.1026922260811e-08,-0.04966347173985966,2.1026922260811e-08,1.2,2.1026922260811e-08,-0.01953591541312574,2.1026922260811e-08,1.187879206459718,2.1026922260811e-08,1.2,2.1026922260811e-08,1.2,2.1026922260811e-08,-1.154980607884383e-06
2.1030391181335e-08,-0.04962011023330745,2.1030391181335e-08,1.2,2.1030391181335e-08,-0.02024981148700331,2.1030391181335e-08,1.194914881188708,2.1030391181335e-08,1.2,2.1030391181335e-08,1.2,2.1030391181335e-08,-6.128302335049628e-07
2.1034642233032e-08,-0.04956697208709086,2.1034642233032e-08,1.2,2.1034642233032e-08,-0.02059057513700665,2.1034642233032e-08,1.198314754521217,2.1034642233032e-08,1.2,2.1034642233032e-08,1.2,2.1034642233032e-08,-8.568980107878954e-08
2.1040062459526e-08,-0.04949921925591292,2.1040062459526e-08,1.2,2.1040062459526e-08,-0.02069756116053989,2.1040062459526e-08,1.199636789350895,2.1040062459526e-08,1.2,2.1040062459526e-08,1.2,2.1040062459526e-08,-1.242179056760924e-07
2.1047325960791e-08,-0.04940842549011178,2.1047325960791e-08,1.2,2.1047325960791e-08,-0.02069955008313695,2.1047325960791e-08,1.199976394127674,2.1047325960791e-08,1.2,2.1047325960791e-08,1.2,2.1047325960791e-08,8.50790019771561e-08
2.1057947555867e-08,-0.04927565555166078,2.1057947555867e-08,1.2,2.1057947555867e-08,-0.02064255829203917,2.1057947555867e-08,1.2000111077739,2.1057947555867e-08,1.2,2.1057947555867e-08,1.2,2.1057947555867e-08,-8.479517982515243e-08
2.1075303355989e-08,-0.04905870805013322,2.1075303355989e-08,1.2,2.1075303355989e-08,-0.02055445894717495,2.1075303355989e-08,1.200002899723667,2.1075303355989e-08,1.2,2.1075303355989e-08,1.2,2.1075303355989e-08,8.7453559756349e-08
2.1110014956233e-08,-0.0486248130470781,2.1110014956233e-08,1.2,2.1110014956233e-08,-0.02036681109658477,2.1110014956233e-08,1.200008412155214,2.1110014956233e-08,1.2,2.1110014956233e-08,1.2,2.1110014956233e-08,-8.483731301113293e-08
2.1179438156722e-08,-0.04775702304096787,2.1179438156722e-08,1.2,2.1179438156722e-08,-0.02000385757563303,2.1179438156722e-08,1.200003536340428,2.1179438156722e-08,1.2,2.1179438156722e-08,1.2,2.1179438156722e-08,8.739398543272971e-08
2.13182845577e-08,-0.0460214430287474,2.13182845577e-08,1.2,2.13182845577e-08,-0.01926568550743514,2.13182845577e-08,1.200008161489465,2.13182845577e-08,1.2,2.13182845577e-08,1.2,2.13182845577e-08,-8.480223110908211e-08
2.1595977359655e-08,-0.04255028300430646,2.1595977359655e-08,1.2,2.1595977359655e-08,-0.0178039927259196,2.1595977359655e-08,1.2000035601114,2.1595977359655e-08,1.2,2.1595977359655e-08,1.2,2.1595977359655e-08,8.735871841402588e-08
2.2151362963566e-08,-0.03560796295542458,2.2151362963566e-08,1.2,2.2151362963566e-08,-0.01487328474201191,2.2151362963566e-08,1.200008030541083,2.2151362963566e-08,1.2,2.2151362963566e-08,1.2,2.2151362963566e-08,-8.481036994992141e-08
2.2751362963566e-08,-0.02810796295542459,2.2751362963566e-08,1.2,2.2751362963566e-08,-0.01172648565700121,2.2751362963566e-08,1.200003386857645,2.2751362963566e-08,1.2,2.2751362963566e-08,1.2,2.2751362963566e-08,8.731577134793046e-08
2.3351362963566e-08,-0.0206079629554246,2.3351362963566e-08,1.2,2.3351362963566e-08,-0.008580084587448515,2.3351362963566e-08,1.200007846707065,2.3351362963566e-08,1.2,2.3351362963566e-08,1.2,2.3351362963566e-08,-8.483654626084188e-08
2.3951362963566e-08,-0.01310796295542462,2.3951362963566e-08,1.2,2.3951362963566e-08,-0.005453764607408862,2.3951362963566e-08,1.200003195338555,2.3951362963566e-08,1.2,2.3951362963566e-08,1.2,2.3951362963566e-08,8.727030283005832e-08
2.4551362963566e-08,-0.005607962955424636,2.4551362963566e-08,1.2,2.4551362963566e-08,-0.002328112455567915,2.4551362963566e-08,1.200007627286874,2.4551362963566e-08,1.2,2.4551362963566e-08,1.2,2.4551362963566e-08,-8.486803088113308e-08
2.5e-08,0,2.5e-08,1.2,2.5e-08,-6.564508692255937e-06,2.5e-08,1.200003012037557,2.5e-08,1.2,2.5e-08,1.2,2.5e-08,8.722472515355622e-08
2.5000005212673e-08,0,2.5000005212673e-08,1.2,2.5000005212673e-08,-5.45354391671396e-05,2.5000005212673e-08,1.19996919850427,2.5000005212673e-08,1.2,2.5000005212673e-08,1.199374479166835,2.5000005212673e-08,-1.793083601105432e-06
2.500001563802e-08,0,2.500001563802e-08,1.2,2.500001563802e-08,-0.0001725193938176493,2.500001563802e-08,1.199891432520587,2.500001563802e-08,1.2,2.500001563802e-08,1.198123437500505,2.500001563802e-08,-3.433335728086326e-06
2.5000020850694e-08,0,2.5000020850694e-08,1.2,2.5000020850694e-08,-0.0002363686270309143,2.5000020850694e-08,1.19985060030025,2.5000020850694e-08,1.2,2.5000020850694e-08,1.19749791666734,2.5000020850694e-08,-3.061298223043091e-06
2.5000031276041e-08,0,2.5000031276041e-08,1.2,2.5000031276041e-08,-0.0003547901960335861,2.5000031276041e-08,1.199773362434489,2.5000031276041e-08,1.2,2.5000031276041e-08,1.196246875001011,2.5000031276041e-08,-2.974531005543072e-06
2.5000052126736e-08,0,2.5000052126736e-08,1.2,2.5000052126736e-08,-0.0005904499404245186,2.5000052126736e-08,1.199619267292017,2.5000052126736e-08,1.2,2.5000052126736e-08,1.193744791668351,2.5000052126736e-08,-2.987286993226955e-06
2.5000093828124e-08,0,2.5000093828124e-08,1.2,2.5000093828124e-08,-0.001046833217801149,2.5000093828124e-08,1.199318683547194,2.5000093828124e-08,1.2,2.5000093828124e-08,1.188740625003032,2.5000093828124e-08,-2.903195559289848e-06
2.5000177230902e-08,0,2.5000177230902e-08,1.2,2.5000177230902e-08,-0.001909681372389719,2.5000177230902e-08,1.198741772629307,2.5000177230902e-08,1.2,2.5000177230902e-08,1.178732291672394,2.5000177230902e-08,-2.845000772066499e-06
2.5000344036458e-08,0,2.5000344036458e-08,1.2,2.5000344036458e-08,-0.003449660193985988,2.5000344036458e-08,1.197680763683694,2.5000344036458e-08,1.2,2.5000344036458e-08,1.158715625011117,2.5000344036458e-08,-2.654256114911623e-06
2.5000677647569e-08,0,2.5000677647569e-08,1.2,2.5000677647569e-08,-0.005924866618455765,2.5000677647569e-08,1.195868705640948,2.5000677647569e-08,1.2,2.5000677647569e-08,1.118682291688564,2.5000677647569e-08,-2.452682745076747e-06
2.5001344869791e-08,0,2.5001344869791e-08,1.2,2.5001344869791e-08,-0.009211967054501179,2.5001344869791e-08,1.193152975881429,2.5001344869791e-08,1.2,2.5001344869791e-08,1.038615625043458,2.5001344869791e-08,-2.170380413147568e-06
2.5002679314235e-08,0,2.5002679314235e-08,1.2,2.5002679314235e-08,-0.01249254854286948,2.5002679314235e-08,1.189808905167943,2.5002679314235e-08,1.2,2.5002679314235e-08,0.8784822917532453,2.5002679314235e-08,-2.116526731302872e-06
2.5004445823929e-08,0,2.5004445823929e-08,1.2,2.5004445823929e-08,-0.01445489051474836,2.5004445823929e-08,1.187456498915626,2.5004445823929e-08,1.2,2.5004445823929e-08,0.6665011284633627,2.5004445823929e-08,-2.206963553731201e-06
2.5006857770607e-08,0,2.5006857770607e-08,1.2,2.5006857770607e-08,-0.01465571639505686,2.5006857770607e-08,1.186200096892759,2.5006857770607e-08,1.2,2.5006857770607e-08,0.3770675270625011,2.5006857770607e-08,-2.071593228577229e-06
2.501e-08,0,2.501e-08,1.2,2.501e-08,-0.009327579460717916,2.501e-08,1.186732196228695,2.501e-08,1.2,2.501e-08,0,2.501e-08,-1.606135289012444e-06
2.5010098194668e-08,0,2.5010098194668e-08,1.2,2.5010098194668e-08,-0.008703781592914496,2.5010098194668e-08,1.187238810559849,2.5010098194668e-08,1.2,2.5010098194668e-08,0,2.5010098194668e-08,-1.115381165355631e-07
2.5010294584005e-08,0,2.5010294584005e-08,1.2,2.5010294584005e-08,-0.007530548209147454,2.5010294584005e-08,1.188201084091951,2.5010294584005e-08,1.2,2.5010294584005e-08,0,2.5010294584005e-08,-9.628691288850641e-08
2.5010392778674e-08,0,2.5010392778674e-08,1.2,2.5010392778674e-08,-0.007000620953428362,2.5010392778674e-08,1.188646461391829,2.5010392778674e-08,1.2,2.5010392778674e-08,0,2.5010392778674e-08,-1.81459869431539e-07
2.5010589168011e-08,0,2.5010589168011e-08,1.2,2.5010589168011e-08,-0.006038988751245165,2.5010589168011e-08,1.189475811169464,2.5010589168011e-08,1.2,2.5010589168011e-08,0,2.5010589168011e-08,-1.578420851963525e-07
2.5010981946685e-08,0,2.5010981946685e-08,1.2,2.5010981946685e-08,-0.004456278944023733,2.5010981946685e-08,1.190915118019731,2.5010981946685e-08,1.2,2.5010981946685e-08,0,2.5010981946685e-08,-2.751843486526996e-07
2.5011767504033e-08,0,2.5011767504033e-08,1.2,2.5011767504033e-08,-0.002301583227443935,2.5011767504033e-08,1.193120835388722,2.5011767504033e-08,1.2,2.5011767504033e-08,0,2.5011767504033e-08,-2.737626727244073e-07
2.5013338618729e-08,0,2.5013338618729e-08,1.2,2.5013338618729e-08,-0.0003056028789626035,2.5013338618729e-08,1.19584943740084,2.5013338618729e-08,1.2,2.5013338618729e-08,0,2.5013338618729e-08,-3.332589225685813e-07
2.5015935196303e-08,0,2.5015935196303e-08,1.2,2.5015935196303e-08,0.0003215061644404615,2.5015935196303e-08,1.197973502192508,2.5015935196303e-08,1.2,2.5015935196303e-08,0,2.5015935196303e-08,-1.80780842527889e-07
2.501932363843e-08,0,2.501932363843e-08,1.2,2.501932363843e-08,0.0002110108958943723,2.501932363843e-08,1.199124624198052,2.501932363843e-08,1.2,2.501932363843e-08,0,2.501932363843e-08,-1.13545828221297e-07
2.5024142465168e-08,0,2.5024142465168e-08,1.2,2.5024142465168e-08,6.514826837027031e-05,2.5024142465168e-08,1.199739956540413,2.5024142465168e-08,1.2,2.5024142465168e-08,0,2.5024142465168e-08,-8.280665588001519e-09
2.5032540004729e-08,0,2.5032540004729e-08,1.2,2.5032540004729e-08,2.201171283895507e-06,2.5032540004729e-08,1.199990845763525,2.5032540004729e-08,1.2,2.5032540004729e-08,0,2.5032540004729e-08,-2.11314460565455e-08
2.504641809873e-08,0,2.504641809873e-08,1.2,2.504641809873e-08,4.616023689021121e-07,2.504641809873e-08,1.200000276812364,2.504641809873e-08,1.2,2.504641809873e-08,0,2.504641809873e-08,1.962049376208444e-08
2.5070018507187e-08,0,2.5070018507187e-08,1.2,2.5070018507187e-08,6.71064345188096e-07,2.5070018507187e-08,1.199997491669237,2.5070018507187e-08,1.2,2.5070018507187e-08,0,2.5070018507187e-08,-2.040379463433593e-08
2.5117219324102e-08,0,2.5117219324102e-08,1.2,2.5117219324102e-08,7.09552694840628e-07,2.5117219324102e-08,1.199999087312292,2.5117219324102e-08,1.2,2.5117219324102e-08,0,2.5117219324102e-08,1.949005178286685e-08
2.5211620957931e-08,0,2.5211620957931e-08,1.2,2.5211620957931e-08,6.042619092505612e-07,2.5211620957931e-08,1.199997834136006,2.5211620957931e-08,1.2,2.5211620957931e-08,0,2.5211620957931e-08,-2.036545306896185e-08
2.5400424225591e-08,0,2.5400424225591e-08,1.2,2.5400424225591e-08,7.344055565340702e-07,2.5400424225591e-08,1.199998954473015,2.5400424225591e-08,1.2,2.5400424225591e-08,0,2.5400424225591e-08,1.947494921678224e-08
2.5778030760909e-08,0,2.5778030760909e-08,1.2,2.5778030760909e-08,5.935227480691069e-07,2.5778030760909e-08,1.199997892494853,2.5778030760909e-08,1.2,2.5778030760909e-08,0,2.5778030760909e-08,-2.035876821967972e-08
2.6378030760909e-08,0,2.6378030760909e-08,1.2,2.6378030760909e-08,7.398189143618716e-07,2.6378030760909e-08,1.199998925076975,2.6378030760909e-08,1.2,2.6378030760909e-08,0,2.6378030760909e-08,1.947157953111223e-08
2.6978030760909e-08,0,2.6978030760909e-08,1.2,2.6978030760909e-08,5.895288908482534e-07,2.6978030760909e-08,1.199997914438,2.6978030760909e-08,1.2,2.6978030760909e-08,0,2.6978030760909e-08,-2.035624120677714e-08
2.7578030760909e-08,0,2.7578030760909e-08,1.2,2.7578030760909e-08,7.436551464597817e-07,2.7578030760909e-08,1.199998903339033,2.7578030760909e-08,1.2,2.7578030760909e-08,0,2.7578030760909e-08,1.946905296991607e-08
2.8178030760909e-08,0,2.8178030760909e-08,1.2,2.8178030760909e-08,5.867332504658183e-07,2.8178030760909e-08,1.199997994751238,2.8178030760909e-08,1.2,2.8178030760909e-08,0,2.8178030760909e-08,-2.034468388380741e-08
2.8778030760909e-08,0,2.8778030760909e-08,1.2,2.8778030760909e-08,7.461096321990949e-07,2.8778030760909e-08,1.199998766536897,2.8778030760909e-08,1.2,2.8778030760909e-08,0,2.8778030760909e-08,1.944869544219787e-08
2.9378030760909e-08,0,2.9378030760909e-08,1.2,2.9378030760909e-08,5.848409911654395e-07,2.9378030760909e-08,1.199998127904399,2.9378030760909e-08,1.2,2.9378030760909e-08,0,2.9378030760909e-08,-2.032467869771948e-08
2.9689015380454e-08,0,2.9689015380454e-08,1.2,2.9689015380454e-08,7.482748097157264e-07,2.9689015380454e-08,1.199998633146593,2.9689015380454e-08,1.2,2.9689015380454e-08,0,2.9689015380454e-08,1.942847308769195e-08
2.9999999999999e-08,0,2.9999999999999e-08,1.2,2.9999999999999e-08,5.834330350817215e-07,2.9999999999999e-08,1.199998220146553,2.9999999999999e-08,1.2,2.9999999999999e-08,0,2.9999999999999e-08,-2.031053188926845e-08
