/BL (modelFiles=gpdk045.scs:ss) X,/BL (modelFiles=gpdk045.scs:ss) Y,/BLB (modelFiles=gpdk045.scs:ss) X,/BLB (modelFiles=gpdk045.scs:ss) Y,/Q (modelFiles=gpdk045.scs:ss) X,/Q (modelFiles=gpdk045.scs:ss) Y,/QB (modelFiles=gpdk045.scs:ss) X,/QB (modelFiles=gpdk045.scs:ss) Y,/VDD (modelFiles=gpdk045.scs:ss) X,/VDD (modelFiles=gpdk045.scs:ss) Y,/WL (modelFiles=gpdk045.scs:ss) X,/WL (modelFiles=gpdk045.scs:ss) Y,/V0/PLUS (modelFiles=gpdk045.scs:ss) X,/V0/PLUS (modelFiles=gpdk045.scs:ss) Y
0,0,0,0.8,0,3.802855115008688e-08,0,0.7999998482926591,0,0.8,0,0.8,0,-1.119927229562997e-11
3e-11,0,3e-11,0.8,3e-11,3.8028555754374e-08,3e-11,0.7999998482928111,3e-11,0.8,3e-11,0.8,3e-11,-1.119921897680727e-11
8.999999999999999e-11,0,8.999999999999999e-11,0.8,8.999999999999999e-11,3.802855226636604e-08,8.999999999999999e-11,0.7999998482928581,8.999999999999999e-11,0.8,8.999999999999999e-11,0.8,8.999999999999999e-11,-1.119921742492407e-11
2.1e-10,0,2.1e-10,0.8,2.1e-10,3.80285478021135e-08,2.1e-10,0.799999848292711,2.1e-10,0.8,2.1e-10,0.8,2.1e-10,-1.119922585292593e-11
4.499999999999999e-10,0,4.499999999999999e-10,0.8,4.499999999999999e-10,3.802855596699853e-08,4.499999999999999e-10,0.799999848292917,4.499999999999999e-10,0.8,4.499999999999999e-10,0.8,4.499999999999999e-10,-1.119921351374791e-11
9.299999999999999e-10,0,9.299999999999999e-10,0.8,9.299999999999999e-10,3.802854532768111e-08,9.299999999999999e-10,0.7999998482926378,9.299999999999999e-10,0.8,9.299999999999999e-10,0.8,9.299999999999999e-10,-1.11992302391139e-11
1.53e-09,0,1.53e-09,0.8,1.53e-09,3.802855882750102e-08,1.53e-09,0.7999998482932277,1.53e-09,0.8,1.53e-09,0.8,1.53e-09,-1.119919677536805e-11
2.13e-09,0,2.13e-09,0.8,2.13e-09,3.802854101036723e-08,2.13e-09,0.7999998482924499,2.13e-09,0.8,2.13e-09,0.8,2.13e-09,-1.119924090884653e-11
2.73e-09,0,2.73e-09,0.8,2.73e-09,3.802856454626051e-08,2.73e-09,0.7999998482934823,2.73e-09,0.8,2.73e-09,0.8,2.73e-09,-1.119918235545084e-11
3.33e-09,0,3.33e-09,0.8,3.33e-09,3.802853440105485e-08,3.33e-09,0.7999998482923962,3.33e-09,0.8,3.33e-09,0.8,3.33e-09,-1.1199245123476e-11
3.929999999998999e-09,0,3.929999999998999e-09,0.8,3.929999999998999e-09,3.802856988450833e-08,3.929999999998999e-09,0.7999998482931175,3.929999999998999e-09,0.8,3.929999999998999e-09,0.8,3.929999999998999e-09,-1.119920002299069e-11
3.99e-09,0,3.99e-09,0.8,3.99e-09,3.80285299073744e-08,3.99e-09,0.7999998482928622,3.99e-09,0.8,3.99e-09,0.8,3.99e-09,-1.119922332964581e-11
3.9900834375e-09,0.006674999999993833,3.9900834375e-09,0.7933250000000062,3.9900834375e-09,0.0004317110521719622,3.9900834375e-09,0.8001225155277485,3.9900834375e-09,0.8,3.9900834375e-09,0.8,3.9900834375e-09,8.040604233289679e-07
3.990250312499999e-09,0.0200249999999815,3.990250312499999e-09,0.7799750000000185,3.990250312499999e-09,0.001321700801461571,3.990250312499999e-09,0.800379575668926,3.990250312499999e-09,0.8,3.990250312499999e-09,0.8,3.990250312499999e-09,8.972633963389497e-07
3.9905840625e-09,0.04672499999995684,3.9905840625e-09,0.7532750000000432,3.9905840625e-09,0.003157818126380984,3.9905840625e-09,0.800896583321054,3.9905840625e-09,0.8,3.9905840625e-09,0.8,3.9905840625e-09,8.840994502971437e-07
3.991015084115e-09,0.08120672923142387,3.991015084115e-09,0.7187932707685761,3.991015084115e-09,0.005541069190061951,3.991015084115e-09,0.8015397281686533,3.991015084115e-09,0.8,3.991015084115e-09,0.8,3.991015084115e-09,9.406906801240808e-07
3.991877127346e-09,0.1501701876943579,3.991877127346e-09,0.6498298123056421,3.991877127346e-09,0.01037891307470354,3.991877127346e-09,0.8027597556863565,3.991877127346e-09,0.8,3.991877127346e-09,0.8,3.991877127346e-09,9.656690252268084e-07
3.993601213807e-09,0.2880971046202261,3.993601213807e-09,0.511902895379774,3.993601213807e-09,0.01998480554183336,3.993601213807e-09,0.8048721383752049,3.993601213807e-09,0.8,3.993601213807e-09,0.8,3.993601213807e-09,1.018409064561832e-06
3.99704938673e-09,0.5639509384719624,3.99704938673e-09,0.2360490615280376,3.99704938673e-09,0.03597120417977388,3.99704938673e-09,0.8065258988850347,3.99704938673e-09,0.8,3.99704938673e-09,0.8,3.99704938673e-09,6.676314942332457e-07
3.998524693365e-09,0.6819754692359481,3.998524693365e-09,0.1180245307640519,3.998524693365e-09,0.04083171801496324,3.998524693365e-09,0.8035892239118325,3.998524693365e-09,0.8,3.998524693365e-09,0.8,3.998524693365e-09,-1.249702899337647e-07
3.999999999998999e-09,0.7999999999999339,3.999999999998999e-09,6.616929226765933e-14,3.999999999998999e-09,0.0432078607095434,3.999999999998999e-09,0.789494031253566,3.999999999998999e-09,0.8,3.999999999998999e-09,0.8,3.999999999998999e-09,-3.239517873695315e-06
4.000083437499999e-09,0.8,4.000083437499999e-09,0,4.000083437499999e-09,0.04325287955582612,4.000083437499999e-09,0.7882104362507154,4.000083437499999e-09,0.8,4.000083437499999e-09,0.8,4.000083437499999e-09,-3.191709498938599e-06
4.000125156249999e-09,0.8,4.000125156249999e-09,0,4.000125156249999e-09,0.0432766652320788,4.000125156249999e-09,0.7875666060202023,4.000125156249999e-09,0.8,4.000125156249999e-09,0.8,4.000125156249999e-09,-3.182675995753636e-06
4.000208593749999e-09,0.8,4.000208593749999e-09,0,4.000208593749999e-09,0.04332864937408929,4.000208593749999e-09,0.7862811626281453,4.000208593749999e-09,0.8,4.000208593749999e-09,0.8,4.000208593749999e-09,-3.199981097137269e-06
4.0002503125e-09,0.8,4.0002503125e-09,0,4.0002503125e-09,0.04335671488651716,4.0002503125e-09,0.7856400076206662,4.0002503125e-09,0.8,4.0002503125e-09,0.8,4.0002503125e-09,-3.192520534451101e-06
4.00033375e-09,0.8,4.00033375e-09,0,4.00033375e-09,0.04341709558498155,4.00033375e-09,0.7843599421927674,4.00033375e-09,0.8,4.00033375e-09,0.8,4.00033375e-09,-3.208077316546845e-06
4.00037546875e-09,0.8,4.00037546875e-09,0,4.00037546875e-09,0.04344929875578687,4.00037546875e-09,0.783721369405327,4.00037546875e-09,0.8,4.00037546875e-09,0.8,4.00037546875e-09,-3.202249898109439e-06
4.00045890625e-09,0.8,4.00045890625e-09,0,4.00045890625e-09,0.04351779775299972,4.00045890625e-09,0.7824464879015959,4.00045890625e-09,0.8,4.00045890625e-09,0.8,4.00045890625e-09,-3.216084118448727e-06
4.000625781249e-09,0.8,4.000625781249e-09,0,4.000625781249e-09,0.04367035425338126,4.000625781249e-09,0.7799068666927088,4.000625781249e-09,0.8,4.000625781249e-09,0.8,4.000625781249e-09,-3.220127102629321e-06
4.000959531248999e-09,0.8,4.000959531248999e-09,0,4.000959531248999e-09,0.04403476596780146,4.000959531248999e-09,0.7748652599094288,4.000959531248999e-09,0.8,4.000959531248999e-09,0.8,4.000959531248999e-09,-3.250541236760507e-06
4.001627031248999e-09,0.8,4.001627031248999e-09,0,4.001627031248999e-09,0.0449772849474586,4.001627031248999e-09,0.7649254957296628,4.001627031248999e-09,0.8,4.001627031248999e-09,0.8,4.001627031248999e-09,-3.290305229837495e-06
4.002962031249e-09,0.8,4.002962031249e-09,0,4.002962031249e-09,0.04756733303292973,4.002962031249e-09,0.7456126310454398,4.002962031249e-09,0.8,4.002962031249e-09,0.8,4.002962031249e-09,-3.402794566657852e-06
4.005632031249e-09,0.8,4.005632031249e-09,0,4.005632031249e-09,0.05471384182280714,4.005632031249e-09,0.7092408286874164,4.005632031249e-09,0.8,4.005632031249e-09,0.8,4.005632031249e-09,-3.601557370372603e-06
4.010472640941999e-09,0.8,4.010472640941999e-09,0,4.010472640941999e-09,0.07107958370037191,4.010472640941999e-09,0.6482204257638114,4.010472640941999e-09,0.8,4.010472640941999e-09,0.8,4.010472640941999e-09,-3.679804610831914e-06
4.016223212123e-09,0.8,4.016223212123e-09,0,4.016223212123e-09,0.09138751131003037,4.016223212123e-09,0.5777605461829761,4.016223212123e-09,0.8,4.016223212123e-09,0.8,4.016223212123e-09,-3.476899486916359e-06
4.022539925044999e-09,0.8,4.022539925044999e-09,0,4.022539925044999e-09,0.1105510788051721,4.022539925044999e-09,0.4989343896022925,4.022539925044999e-09,0.8,4.022539925044999e-09,0.8,4.022539925044999e-09,-3.290458216775443e-06
4.030931904631999e-09,0.8,4.030931904631999e-09,0,4.030931904631999e-09,0.1293406076854019,4.030931904631999e-09,0.3947343017122959,4.030931904631999e-09,0.8,4.030931904631999e-09,0.8,4.030931904631999e-09,-3.064084493551435e-06
4.042922651978999e-09,0.8,4.042922651978999e-09,0,4.042922651978999e-09,0.151239919703358,4.042922651978999e-09,0.2602517539929716,4.042922651978999e-09,0.8,4.042922651978999e-09,0.8,4.042922651978999e-09,-2.949850728545083e-06
4.052741116945999e-09,0.8,4.052741116945999e-09,0,4.052741116945999e-09,0.1774157233224807,4.052741116945999e-09,0.1696607057403272,4.052741116945999e-09,0.8,4.052741116945999e-09,0.8,4.052741116945999e-09,-3.257266733134799e-06
4.062729327826e-09,0.8,4.062729327826e-09,0,4.062729327826e-09,0.2295354177243215,4.062729327826e-09,0.09850545371475668,4.062729327826e-09,0.8,4.062729327826e-09,0.8,4.062729327826e-09,-3.789278400891589e-06
4.071532948059999e-09,0.8,4.071532948059999e-09,0,4.071532948059999e-09,0.3066770802716651,4.071532948059999e-09,0.05800448675992929,4.071532948059999e-09,0.8,4.071532948059999e-09,0.8,4.071532948059999e-09,-4.020230160116671e-06
4.081285032758999e-09,0.8,4.081285032758999e-09,0,4.081285032758999e-09,0.4197587045725765,4.081285032758999e-09,0.03573186261865013,4.081285032758999e-09,0.8,4.081285032758999e-09,0.8,4.081285032758999e-09,-3.980836962273021e-06
4.088768975878e-09,0.8,4.088768975878e-09,0,4.088768975878e-09,0.5122399335398754,4.088768975878e-09,0.02783908911997469,4.088768975878e-09,0.8,4.088768975878e-09,0.8,4.088768975878e-09,-3.808100392156675e-06
4.096517519273999e-09,0.8,4.096517519273999e-09,0,4.096517519273999e-09,0.6010215203603452,4.096517519273999e-09,0.02215618678985787,4.096517519273999e-09,0.8,4.096517519273999e-09,0.8,4.096517519273999e-09,-3.546779783902614e-06
4.104287967219999e-09,0.8,4.104287967219999e-09,0,4.104287967219999e-09,0.676077540114743,4.104287967219999e-09,0.01657168580192159,4.104287967219999e-09,0.8,4.104287967219999e-09,0.8,4.104287967219999e-09,-3.004364907852886e-06
4.11351023265e-09,0.8,4.11351023265e-09,0,4.11351023265e-09,0.7384708341448744,4.11351023265e-09,0.009841494323111055,4.11351023265e-09,0.8,4.11351023265e-09,0.8,4.11351023265e-09,-1.915165933089565e-06
4.123099962404e-09,0.8,4.123099962404e-09,0,4.123099962404e-09,0.7728832875121436,4.123099962404e-09,0.004549438547658152,4.123099962404e-09,0.8,4.123099962404e-09,0.8,4.123099962404e-09,-9.048910148924044e-07
4.131424230623999e-09,0.8,4.131424230623999e-09,0,4.131424230623999e-09,0.7868841001156385,4.131424230623999e-09,0.002134700061021848,4.131424230623999e-09,0.8,4.131424230623999e-09,0.8,4.131424230623999e-09,-4.774805825341162e-07
4.140867497500999e-09,0.8,4.140867497500999e-09,0,4.140867497500999e-09,0.7943761432763161,4.140867497500999e-09,0.0008916478272786874,4.140867497500999e-09,0.8,4.140867497500999e-09,0.8,4.140867497500999e-09,-1.813951456625183e-07
4.150662666855e-09,0.8,4.150662666855e-09,0,4.150662666855e-09,0.7976973759190603,4.150662666855e-09,0.0003620450296973172,4.150662666855e-09,0.8,4.150662666855e-09,0.8,4.150662666855e-09,-1.008716992208175e-07
4.163312983626e-09,0.8,4.163312983626e-09,0,4.163312983626e-09,0.7993181887502853,4.163312983626e-09,0.0001064691702113349,4.163312983626e-09,0.8,4.163312983626e-09,0.8,4.163312983626e-09,-6.014511611815378e-09
4.179630658781999e-09,0.8,4.179630658781999e-09,0,4.179630658781999e-09,0.7998805688018246,4.179630658781999e-09,1.882579273728888e-05,4.179630658781999e-09,0.8,4.179630658781999e-09,0.8,4.179630658781999e-09,-2.274541462778127e-08
4.202641066204999e-09,0.8,4.202641066204999e-09,0,4.202641066204999e-09,0.7999995908001123,4.202641066204999e-09,-5.383616029065989e-08,4.202641066204999e-09,0.8,4.202641066204999e-09,0.8,4.202641066204999e-09,1.839421937104772e-08
4.236961392231e-09,0.8,4.236961392231e-09,0,4.236961392231e-09,0.8000000157590008,4.236961392231e-09,1.349513198634308e-07,4.236961392231e-09,0.8,4.236961392231e-09,0.8,4.236961392231e-09,-1.841853547916075e-08
4.297103362838e-09,0.8,4.297103362838e-09,0,4.297103362838e-09,0.7999997591521614,4.297103362838e-09,-6.753303164324088e-08,4.297103362838e-09,0.8,4.297103362838e-09,0.8,4.297103362838e-09,1.839516630020024e-08
4.417387304053e-09,0.8,4.417387304053e-09,0,4.417387304053e-09,0.7999999169524157,4.417387304053e-09,1.448293888565396e-07,4.417387304053e-09,0.8,4.417387304053e-09,0.8,4.417387304053e-09,-1.841643775116693e-08
4.5e-09,0.8,4.5e-09,0,4.5e-09,0.7999997916761988,4.5e-09,-6.03877154042074e-08,4.5e-09,0.8,4.5e-09,0.8,4.5e-09,1.839211695320159e-08
4.665225391891999e-09,0.8,4.665225391891999e-09,0,4.665225391891999e-09,0.7999998456586135,4.665225391891999e-09,3.941666624260755e-08,4.665225391891999e-09,0.8,4.665225391891999e-09,0.8,4.665225391891999e-09,-1.094903785561495e-11
4.747838087838999e-09,0.8,4.747838087838999e-09,0,4.747838087838999e-09,0.799999849707565,4.747838087838999e-09,3.701971244497589e-08,4.747838087838999e-09,0.8,4.747838087838999e-09,0.8,4.747838087838999e-09,-1.150156561019178e-11
4.913063479732e-09,0.8,4.913063479732e-09,0,4.913063479732e-09,0.7999998473628785,4.913063479732e-09,3.90823893099349e-08,4.913063479732e-09,0.8,4.913063479732e-09,0.8,4.913063479732e-09,-1.08747382367388e-11
5.243514263516999e-09,0.8,5.243514263516999e-09,0,5.243514263516999e-09,0.7999998503044566,5.243514263516999e-09,3.81883133156011e-08,5.243514263516999e-09,0.8,5.243514263516999e-09,0.8,5.243514263516999e-09,-1.146465278028781e-11
5.843514263517e-09,0.8,5.843514263517e-09,0,5.843514263517e-09,0.7999998464215949,5.843514263517e-09,3.786029891328696e-08,5.843514263517e-09,0.8,5.843514263517e-09,0.8,5.843514263517e-09,-1.092923881801265e-11
5.989999999999999e-09,0.8,5.989999999999999e-09,0,5.989999999999999e-09,0.799999849683947,5.989999999999999e-09,3.822049855919043e-08,5.989999999999999e-09,0.8,5.989999999999999e-09,0.8,5.989999999999999e-09,-1.148455826562912e-11
5.990005214842999e-09,0.8,5.990005214842999e-09,0,5.990005214842999e-09,0.7999814749369513,5.990005214842999e-09,-2.774101996622151e-05,5.990005214842999e-09,0.8,5.990005214842999e-09,0.7995828124999756,5.990005214842999e-09,-1.00883638122446e-06
5.990015644531e-09,0.8,5.990015644531e-09,0,5.990015644531e-09,0.7999388813144949,5.990015644531e-09,-9.493971648197677e-05,5.990015644531e-09,0.8,5.990015644531e-09,0.7987484374999269,5.990015644531e-09,-1.795207193820168e-06
5.990020859375e-09,0.8,5.990020859375e-09,0,5.990020859375e-09,0.7999164768890461,5.990020859375e-09,-0.0001309749522243476,5.990020859375e-09,0.8,5.990020859375e-09,0.7983312499999025,5.990020859375e-09,-1.568689202194851e-06
5.990031289061999e-09,0.8,5.990031289061999e-09,0,5.990031289061999e-09,0.7998736645762538,5.990031289061999e-09,-0.0001986983696915441,5.990031289061999e-09,0.8,5.990031289061999e-09,0.7974968749998537,5.990031289061999e-09,-1.550261222611083e-06
5.990052148437e-09,0.8,5.990052148437e-09,0,5.990052148437e-09,0.7997876755193731,5.990052148437e-09,-0.0003349693049025467,5.990052148437e-09,0.8,5.990052148437e-09,0.7958281249997561,5.990052148437e-09,-1.563239691365489e-06
5.990093867186999e-09,0.8,5.990093867186999e-09,0,5.990093867186999e-09,0.7996173623614743,5.990093867186999e-09,-0.0006039870313199398,5.990093867186999e-09,0.8,5.990093867186999e-09,0.7924906249995609,5.990093867186999e-09,-1.537329718598962e-06
5.990177304686999e-09,0.8,5.990177304686999e-09,0,5.990177304686999e-09,0.7992809934706846,5.990177304686999e-09,-0.001132426688803011,5.990177304686999e-09,0.8,5.990177304686999e-09,0.7858156249991706,5.990177304686999e-09,-1.538425229002773e-06
5.990344179686999e-09,0.8,5.990344179686999e-09,0,5.990344179686999e-09,0.7986267248730635,5.990344179686999e-09,-0.00214927883849142,5.990344179686999e-09,0.8,5.990344179686999e-09,0.7724656249983899,5.990344179686999e-09,-1.49081150456519e-06
5.990677929687e-09,0.8,5.990677929687e-09,0,5.990677929687e-09,0.7973858691829122,5.990677929687e-09,-0.004039335748847018,5.990677929687e-09,0.8,5.990677929687e-09,0.7457656249968286,5.990677929687e-09,-1.455935945506673e-06
5.991345429686999e-09,0.8,5.991345429686999e-09,0,5.991345429686999e-09,0.7951492301405361,5.991345429686999e-09,-0.007322840256681367,5.991345429686999e-09,0.8,5.991345429686999e-09,0.692365624993706,5.991345429686999e-09,-1.356687033943483e-06
5.992680429686999e-09,0.8,5.992680429686999e-09,0,5.992680429686999e-09,0.7915198595163703,5.992680429686999e-09,-0.01224181981399619,5.992680429686999e-09,0.8,5.992680429686999e-09,0.5855656249874608,5.992680429686999e-09,-1.236323271270109e-06
5.995350429686999e-09,0.8,5.995350429686999e-09,0,5.995350429686999e-09,0.7870547794781364,5.995350429686999e-09,-0.01630544692084641,5.995350429686999e-09,0.8,5.995350429686999e-09,0.3719656249749703,5.995350429686999e-09,-8.937711926280608e-07
5.99780006873e-09,0.8,5.99780006873e-09,0,5.99780006873e-09,0.7849050899325997,5.99780006873e-09,-0.01633929390985046,5.99780006873e-09,0.8,5.99780006873e-09,0.1759945015824798,5.99780006873e-09,-9.39246623905305e-07
5.998900034364999e-09,0.8,5.998900034364999e-09,0,5.998900034364999e-09,0.7841511085446097,5.998900034364999e-09,-0.01617460735477796,5.998900034364999e-09,0.8,5.998900034364999e-09,0.08799725079123988,5.998900034364999e-09,-9.312502260292733e-07
5.999999999999999e-09,0.8,5.999999999999999e-09,0,5.999999999999999e-09,0.7834723428877148,5.999999999999999e-09,-0.01601101581455043,5.999999999999999e-09,0.8,5.999999999999999e-09,0,5.999999999999999e-09,-9.843209866221329e-07
6.00000130371e-09,0.8,6.00000130371e-09,0,6.00000130371e-09,0.7834743736641996,6.00000130371e-09,-0.01600828998556852,6.00000130371e-09,0.8,6.00000130371e-09,0,6.00000130371e-09,-6.708846490312809e-07
6.000003911131999e-09,0.8,6.000003911131999e-09,0,6.000003911131999e-09,0.7834804214675778,6.000003911131999e-09,-0.01600063740137107,6.000003911131999e-09,0.8,6.000003911131999e-09,0,6.000003911131999e-09,-1.507089650681445e-07
6.000005214842999e-09,0.8,6.000005214842999e-09,0,6.000005214842999e-09,0.7834842390310859,6.000005214842999e-09,-0.01599584999884201,6.000005214842999e-09,0.8,6.000005214842999e-09,0,6.000005214842999e-09,-4.037695786387373e-08
6.000007822265e-09,0.8,6.000007822265e-09,0,6.000007822265e-09,0.7834913628305356,6.000007822265e-09,-0.01598673972037682,6.000007822265e-09,0.8,6.000007822265e-09,0,6.000007822265e-09,-1.355360566459495e-08
6.000013037109e-09,0.8,6.000013037109e-09,0,6.000013037109e-09,0.7835051934270696,6.000013037109e-09,-0.0159691265612446,6.000013037109e-09,0.8,6.000013037109e-09,0,6.000013037109e-09,-5.217324361006311e-09
6.000023466795999e-09,0.8,6.000023466795999e-09,0,6.000023466795999e-09,0.7835323901576982,6.000023466795999e-09,-0.01593452089893909,6.000023466795999e-09,0.8,6.000023466795999e-09,0,6.000023466795999e-09,-2.095190066647813e-08
6.000044326171e-09,0.8,6.000044326171e-09,0,6.000044326171e-09,0.7835864924601019,6.000044326171e-09,-0.01586566910863651,6.000044326171e-09,0.8,6.000044326171e-09,0,6.000044326171e-09,-1.542256555835644e-08
6.000086044920999e-09,0.8,6.000086044920999e-09,0,6.000086044920999e-09,0.7836940757933136,6.000086044920999e-09,-0.01572878644719,6.000086044920999e-09,0.8,6.000086044920999e-09,0,6.000086044920999e-09,-2.075328876533002e-08
6.000169482420999e-09,0.8,6.000169482420999e-09,0,6.000169482420999e-09,0.783906747535723,6.000169482420999e-09,-0.01545845680680418,6.000169482420999e-09,0.8,6.000169482420999e-09,0,6.000169482420999e-09,-1.790254159218964e-08
6.000336357420999e-09,0.8,6.000336357420999e-09,0,6.000336357420999e-09,0.7843223390912092,6.000336357420999e-09,-0.01493113147938009,6.000336357420999e-09,0.8,6.000336357420999e-09,0,6.000336357420999e-09,-2.458999858420682e-08
6.000670107422e-09,0.8,6.000670107422e-09,0,6.000670107422e-09,0.7851161833087436,6.000670107422e-09,-0.01392777889375448,6.000670107422e-09,0.8,6.000670107422e-09,0,6.000670107422e-09,-2.571000768329221e-08
6.001337607421999e-09,0.8,6.001337607421999e-09,0,6.001337607421999e-09,0.786566785226512,6.001337607421999e-09,-0.01211018413172698,6.001337607421999e-09,0.8,6.001337607421999e-09,0,6.001337607421999e-09,-3.872199730252728e-08
6.002672607422e-09,0.8,6.002672607422e-09,0,6.002672607422e-09,0.7890029613851938,6.002672607422e-09,-0.009120650271832179,6.002672607422e-09,0.8,6.002672607422e-09,0,6.002672607422e-09,-4.923301669203351e-08
6.005342607423e-09,0.8,6.005342607423e-09,0,6.005342607423e-09,0.7925072227217766,6.005342607423e-09,-0.005046972683058778,6.005342607423e-09,0.8,6.005342607423e-09,0,6.005342607423e-09,-6.914252284755191e-08
6.010571390342e-09,0.8,6.010571390342e-09,0,6.010571390342e-09,0.7962907829586245,6.010571390342e-09,-0.001270261881076182,6.010571390342e-09,0.8,6.010571390342e-09,0,6.010571390342e-09,-6.71259052480729e-08
6.016733796187999e-09,0.8,6.016733796187999e-09,0,6.016733796187999e-09,0.7981808177244742,6.016733796187999e-09,-5.858713092523018e-05,6.016733796187999e-09,0.8,6.016733796187999e-09,0,6.016733796187999e-09,-5.27399695204861e-08
6.024619996533e-09,0.8,6.024619996533e-09,0,6.024619996533e-09,0.7991752328243263,6.024619996533e-09,0.000147327240705308,6.024619996533e-09,0.8,6.024619996533e-09,0,6.024619996533e-09,-2.755794172152304e-08
6.034938342821e-09,0.8,6.034938342821e-09,0,6.034938342821e-09,0.7996874351234916,6.034938342821e-09,9.19439867032019e-05,6.034938342821e-09,0.8,6.034938342821e-09,0,6.034938342821e-09,-1.252905263020923e-08
6.051494251116999e-09,0.8,6.051494251116999e-09,0,6.051494251116999e-09,0.7999447769085547,6.051494251116999e-09,2.231944217475658e-05,6.051494251116999e-09,0.8,6.051494251116999e-09,0,6.051494251116999e-09,-1.312668480653488e-09
6.079925343938999e-09,0.8,6.079925343938999e-09,0,6.079925343938999e-09,0.8000068462470376,6.079925343938999e-09,-3.0673059223346e-06,6.079925343938999e-09,0.8,6.079925343938999e-09,0,6.079925343938999e-09,-8.017032690619422e-10
6.127880827176e-09,0.8,6.127880827176e-09,0,6.127880827176e-09,0.8000004442349318,6.127880827176e-09,3.500996064975106e-07,6.127880827176e-09,0.8,6.127880827176e-09,0,6.127880827176e-09,9.268315487615856e-10
6.215614069325999e-09,0.8,6.215614069325999e-09,0,6.215614069325999e-09,0.8000000165947107,6.215614069325999e-09,-5.464617426528253e-07,6.215614069325999e-09,0.8,6.215614069325999e-09,0,6.215614069325999e-09,-9.502652944444958e-10
6.391080553627999e-09,0.8,6.391080553627999e-09,0,6.391080553627999e-09,0.7999997487905962,6.391080553627999e-09,5.697258456896215e-07,6.391080553627999e-09,0.8,6.391080553627999e-09,0,6.391080553627999e-09,9.317991350821246e-10
6.742013522229999e-09,0.8,6.742013522229999e-09,0,6.742013522229999e-09,0.799999920931063,6.742013522229999e-09,-4.157989649478972e-07,6.742013522229999e-09,0.8,6.742013522229999e-09,0,6.742013522229999e-09,-9.559840334633703e-10
6.989999999999999e-09,0.8,6.989999999999999e-09,0,6.989999999999999e-09,0.7999997945117474,6.989999999999999e-09,4.855718663091555e-07,6.989999999999999e-09,0.8,6.989999999999999e-09,0,6.989999999999999e-09,9.352167305626298e-10
6.990006518553999e-09,0.8,6.990006518553999e-09,0,6.990006518553999e-09,0.8000151734278592,6.990006518553999e-09,1.470850118159686e-05,6.990006518553999e-09,0.8,6.990006518553999e-09,0.0004171874999847255,6.990006518553999e-09,5.1266582192176e-07
6.990019555663999e-09,0.8,6.990019555663999e-09,0,6.990019555663999e-09,0.8000483037958526,6.990019555663999e-09,4.511411238184058e-05,6.990019555663999e-09,0.8,6.990019555663999e-09,0.001251562499954176,6.990019555663999e-09,7.569208678358911e-07
6.990045629881999e-09,0.8,6.990045629881999e-09,0,6.990045629881999e-09,0.8001134227310166,6.990045629881999e-09,0.0001036240509115211,6.990045629881999e-09,0.8,6.990045629881999e-09,0.002920312499893078,6.990045629881999e-09,5.767230728420711e-07
6.99009777832e-09,0.8,6.99009777832e-09,0,6.99009777832e-09,0.8002424922304855,6.99009777832e-09,0.0002195826632457686,6.99009777832e-09,0.8,6.99009777832e-09,0.006257812499770882,6.99009777832e-09,7.260144547370264e-07
6.990202075194999e-09,0.8,6.990202075194999e-09,0,6.990202075194999e-09,0.8004983927776492,6.990202075194999e-09,0.0004488565076066561,6.990202075194999e-09,0.8,6.990202075194999e-09,0.01293281249952649,6.990202075194999e-09,5.946071536413581e-07
6.990410668945e-09,0.8,6.990410668945e-09,0,6.990410668945e-09,0.8009981449062793,6.990410668945e-09,0.0008938456193991327,6.990410668945e-09,0.8,6.990410668945e-09,0.0262828124990377,6.990410668945e-09,7.259652487571228e-07
6.990827856444999e-09,0.8,6.990827856444999e-09,0,6.990827856444999e-09,0.8019548392732341,6.990827856444999e-09,0.001735366103683734,6.990827856444999e-09,0.8,6.990827856444999e-09,0.05298281249806013,6.990827856444999e-09,6.110185985691092e-07
6.991662231444999e-09,0.8,6.991662231444999e-09,0,6.991662231444999e-09,0.8037066731410031,6.991662231444999e-09,0.003235955278543964,6.991662231444999e-09,0.8,6.991662231444999e-09,0.106382812496105,6.991662231444999e-09,7.49689325095371e-07
6.993330981444999e-09,0.8,6.993330981444999e-09,0,6.993330981444999e-09,0.8066615162419611,6.993330981444999e-09,0.005623528259787968,6.993330981444999e-09,0.8,6.993330981444999e-09,0.2131828124921947,6.993330981444999e-09,6.602093759738419e-07
6.996668481445e-09,0.8,6.996668481445e-09,0,6.996668481445e-09,0.8109826101070625,6.996668481445e-09,0.008792629745354441,6.996668481445e-09,0.8,6.996668481445e-09,0.4267828124843741,6.996668481445e-09,8.559541418375812e-07
6.998334240722e-09,0.8,6.998334240722e-09,0,6.998334240722e-09,0.812631428999752,6.998334240722e-09,0.01015650225379973,6.998334240722e-09,0.8,6.998334240722e-09,0.5333914062421871,6.998334240722e-09,8.340625409619622e-07
6.999999999999999e-09,0.8,6.999999999999999e-09,0,6.999999999999999e-09,0.8141540254230033,6.999999999999999e-09,0.01184697915908548,6.999999999999999e-09,0.8,6.999999999999999e-09,0.6400000000000001,6.999999999999999e-09,1.030167725492986e-06
7.000006518554e-09,0.8,7.000006518554e-09,0,7.000006518554e-09,0.8141422545195239,7.000006518554e-09,0.01183279036531017,7.000006518554e-09,0.8,7.000006518554e-09,0.6400000000000001,7.000006518554e-09,3.355973727699425e-07
7.000009777831999e-09,0.8,7.000009777831999e-09,0,7.000009777831999e-09,0.8141356150753249,7.000009777831999e-09,0.01182463456459045,7.000009777831999e-09,0.8,7.000009777831999e-09,0.6400000000000001,7.000009777831999e-09,1.163093537537473e-07
7.000016296385999e-09,0.8,7.000016296385999e-09,0,7.000016296385999e-09,0.8141216040967615,7.000016296385999e-09,0.01180738608558069,7.000016296385999e-09,0.8,7.000016296385999e-09,0.6400000000000001,7.000016296385999e-09,1.068388721101284e-07
7.000019555664e-09,0.8,7.000019555664e-09,0,7.000019555664e-09,0.8141148756885348,7.000019555664e-09,0.01179929108985342,7.000019555664e-09,0.8,7.000019555664e-09,0.6400000000000001,7.000019555664e-09,1.289650668379207e-07
7.000026074217999e-09,0.8,7.000026074217999e-09,0,7.000026074217999e-09,0.8141013421066505,7.000026074217999e-09,0.01178302513001732,7.000026074217999e-09,0.8,7.000026074217999e-09,0.6400000000000001,7.000026074217999e-09,1.216819065321845e-07
7.000039111327999e-09,0.8,7.000039111327999e-09,0,7.000039111327999e-09,0.814074398030978,7.000039111327999e-09,0.01175061045794027,7.000039111327999e-09,0.8,7.000039111327999e-09,0.6400000000000001,7.000039111327999e-09,1.302855066230115e-07
7.000065185546e-09,0.8,7.000065185546e-09,0,7.000065185546e-09,0.8140206415558416,7.000065185546e-09,0.01168603668342892,7.000065185546e-09,0.8,7.000065185546e-09,0.6400000000000001,7.000065185546e-09,1.228539999435009e-07
7.000117333983999e-09,0.8,7.000117333983999e-09,0,7.000117333983999e-09,0.8139138638468988,7.000117333983999e-09,0.01155799419696242,7.000117333983999e-09,0.8,7.000117333983999e-09,0.6400000000000001,7.000117333983999e-09,1.30492321713066e-07
7.000221630858999e-09,0.8,7.000221630858999e-09,0,7.000221630858999e-09,0.8137030158767754,7.000221630858999e-09,0.01130618121762296,7.000221630858999e-09,0.8,7.000221630858999e-09,0.6400000000000001,7.000221630858999e-09,1.241697240301374e-07
7.000430224608999e-09,0.8,7.000430224608999e-09,0,7.000430224608999e-09,0.8132920841049249,7.000430224608999e-09,0.01081921090622187,7.000430224608999e-09,0.8,7.000430224608999e-09,0.6400000000000001,7.000430224608999e-09,1.323937999113515e-07
7.000847412109e-09,0.8,7.000847412109e-09,0,7.000847412109e-09,0.812511112518337,7.000847412109e-09,0.009907974359449396,7.000847412109e-09,0.8,7.000847412109e-09,0.6400000000000001,7.000847412109e-09,1.272475434195609e-07
7.001681787109e-09,0.8,7.001681787109e-09,0,7.001681787109e-09,0.8110984917350446,7.001681787109e-09,0.008308949090372011,7.001681787109e-09,0.8,7.001681787109e-09,0.6400000000000001,7.001681787109e-09,1.352449524678081e-07
7.003350537108999e-09,0.8,7.003350537108999e-09,0,7.003350537108999e-09,0.8087731642625855,7.003350537108999e-09,0.005827481825204621,7.003350537108999e-09,0.8,7.003350537108999e-09,0.6400000000000001,7.003350537108999e-09,1.240144550695734e-07
7.006688037108999e-09,0.8,7.006688037108999e-09,0,7.006688037108999e-09,0.8055581174806402,7.006688037108999e-09,0.002773405107741795,7.006688037108999e-09,0.8,7.006688037108999e-09,0.6400000000000001,7.006688037108999e-09,1.109421152233546e-07
7.012529703386e-09,0.8,7.012529703386e-09,0,7.012529703386e-09,0.8025901925645427,7.012529703386e-09,0.0005613293501105606,7.012529703386e-09,0.8,7.012529703386e-09,0.6400000000000001,7.012529703386e-09,6.628707720721938e-08
7.019774034477e-09,0.8,7.019774034477e-09,0,7.019774034477e-09,0.8011011355039632,7.019774034477e-09,-6.388951766984441e-05,7.019774034477e-09,0.8,7.019774034477e-09,0.6400000000000001,7.019774034477e-09,4.046199894666597e-08
7.0293939548e-09,0.8,7.0293939548e-09,0,7.0293939548e-09,0.8003857689413787,7.0293939548e-09,-0.0001078706319764,7.0293939548e-09,0.8,7.0293939548e-09,0.6400000000000001,7.0293939548e-09,1.31555632285553e-08
7.043035546077e-09,0.8,7.043035546077e-09,0,7.043035546077e-09,0.8000927454808781,7.043035546077e-09,-2.249283456948843e-05,7.043035546077e-09,0.8,7.043035546077e-09,0.6400000000000001,7.043035546077e-09,6.460548579456919e-09
7.065167030209999e-09,0.8,7.065167030209999e-09,0,7.065167030209999e-09,0.800000650635962,7.065167030209999e-09,6.304769562412655e-07,7.065167030209999e-09,0.8,7.065167030209999e-09,0.6400000000000001,7.065167030209999e-09,-2.765198682150998e-09
7.101909928881999e-09,0.8,7.101909928881999e-09,0,7.101909928881999e-09,0.7999995315075696,7.101909928881999e-09,-3.111545156415637e-07,7.101909928881999e-09,0.8,7.101909928881999e-09,0.6400000000000001,7.101909928881999e-09,2.751685788349804e-09
7.171875534795999e-09,0.8,7.171875534795999e-09,0,7.171875534795999e-09,0.8000000596578827,7.171875534795999e-09,3.318216350494097e-07,7.171875534795999e-09,0.8,7.171875534795999e-09,0.6400000000000001,7.171875534795999e-09,-2.774676841480507e-09
7.311806746625e-09,0.8,7.311806746625e-09,0,7.311806746625e-09,0.7999996746873452,7.311806746625e-09,-1.920715778258694e-07,7.311806746625e-09,0.8,7.311806746625e-09,0.6400000000000001,7.311806746625e-09,2.752322943782011e-09
7.591669170281999e-09,0.8,7.591669170281999e-09,0,7.591669170281999e-09,0.8000000056905195,7.591669170281999e-09,2.777501473377339e-07,7.591669170281999e-09,0.8,7.591669170281999e-09,0.6400000000000001,7.591669170281999e-09,-2.774713589679941e-09
8.151394017595e-09,0.8,8.151394017595e-09,0,8.151394017595e-09,0.7999996981575244,8.151394017595e-09,-1.673599610467071e-07,8.151394017595e-09,0.8,8.151394017595e-09,0.6400000000000001,8.151394017595e-09,2.752294149921136e-09
8.751394017594998e-09,0.8,8.751394017594998e-09,0,8.751394017594998e-09,0.7999999919317607,8.751394017594998e-09,2.632701787012227e-07,8.751394017594998e-09,0.8,8.751394017594998e-09,0.6400000000000001,8.751394017594998e-09,-2.774672534119559e-09
8.99e-09,0.8,8.99e-09,0,8.99e-09,0.7999997150147428,8.99e-09,-1.432047592263901e-07,8.99e-09,0.8,8.99e-09,0.6400000000000001,8.99e-09,2.752055674878612e-09
8.9900834375e-09,0.8,8.9900834375e-09,0.006674999999993833,8.9900834375e-09,0.8000803987959321,8.9900834375e-09,0.0002826120566287452,8.9900834375e-09,0.8,8.9900834375e-09,0.6400000000000001,8.9900834375e-09,5.199944810779464e-07
8.9902503125e-09,0.8,8.9902503125e-09,0.0200249999999815,8.9902503125e-09,0.8002157806291392,8.9902503125e-09,0.0007488568100619597,8.9902503125e-09,0.8,8.9902503125e-09,0.6400000000000001,8.9902503125e-09,3.776176545694409e-07
8.990584062499999e-09,0.8,8.990584062499999e-09,0.04672499999995684,8.990584062499999e-09,0.800386322894611,8.990584062499999e-09,0.001361738213101413,8.990584062499999e-09,0.8,8.990584062499999e-09,0.6400000000000001,8.990584062499999e-09,2.25775825789708e-07
8.991026489036999e-09,0.8,8.991026489036999e-09,0.08211912303261809,8.991026489036999e-09,0.8005347838587299,8.991026489036999e-09,0.00193439030535598,8.991026489036999e-09,0.8,8.991026489036999e-09,0.6400000000000001,8.991026489036999e-09,2.16185213387549e-07
8.991911342112999e-09,0.8,8.991911342112999e-09,0.1529073690979406,8.991911342112999e-09,0.8007680835890489,8.991911342112999e-09,0.002921927517324317,8.991911342112999e-09,0.8,8.991911342112999e-09,0.6400000000000001,8.991911342112999e-09,1.824673146212273e-07
8.993681048265e-09,0.8,8.993681048265e-09,0.2944838612285857,8.993681048265e-09,0.8011489614474406,8.993681048265e-09,0.004785439147348324,8.993681048265e-09,0.8,8.993681048265e-09,0.6400000000000001,8.993681048265e-09,2.171805356541432e-07
8.997220460567999e-09,0.8,8.997220460567999e-09,0.5776368454898757,8.997220460567999e-09,0.8016636046326697,8.997220460567999e-09,0.008193761320818484,8.997220460567999e-09,0.8,8.997220460567999e-09,0.6400000000000001,8.997220460567999e-09,1.838320151149827e-07
8.998610230283999e-09,0.8,8.998610230283999e-09,0.6888184227449379,8.998610230283999e-09,0.8017858002606677,8.998610230283999e-09,0.009401394466503159,8.998610230283999e-09,0.8,8.998610230283999e-09,0.6400000000000001,8.998610230283999e-09,2.082532906562883e-07
9e-09,0.8,9e-09,0.8,9e-09,0.8018664056202804,9e-09,0.0105107264479193,9e-09,0.8,9e-09,0.6400000000000001,9e-09,1.678782231978463e-07
9.000083437499999e-09,0.8,9.000083437499999e-09,0.8,9.000083437499999e-09,0.8018689821956078,9.000083437499999e-09,0.01057032531161825,9.000083437499999e-09,0.8,9.000083437499999e-09,0.6400000000000001,9.000083437499999e-09,1.761264696196173e-07
9.000125156249999e-09,0.8,9.000125156249999e-09,0.8,9.000125156249999e-09,0.8018703639395461,9.000125156249999e-09,0.01060060376031055,9.000125156249999e-09,0.8,9.000125156249999e-09,0.6400000000000001,9.000125156249999e-09,1.795435568096895e-07
9.000146015625e-09,0.8,9.000146015625e-09,0.8,9.000146015625e-09,0.8018710600698663,9.000146015625e-09,0.01061573906702109,9.000146015625e-09,0.8,9.000146015625e-09,0.6400000000000001,9.000146015625e-09,1.767538527091711e-07
9.000187734374999e-09,0.8,9.000187734374999e-09,0.8,9.000187734374999e-09,0.8018723474522612,9.000187734374999e-09,0.01064567729779416,9.000187734374999e-09,0.8,9.000187734374999e-09,0.6400000000000001,9.000187734374999e-09,1.767823952374866e-07
9.000208593749999e-09,0.8,9.000208593749999e-09,0.8,9.000208593749999e-09,0.8018729777761924,9.000208593749999e-09,0.01066061598825635,9.000208593749999e-09,0.8,9.000208593749999e-09,0.6400000000000001,9.000208593749999e-09,1.763000905335641e-07
9.000250312499999e-09,0.8,9.000250312499999e-09,0.8,9.000250312499999e-09,0.8018741658421876,9.000250312499999e-09,0.01069022216407698,9.000250312499999e-09,0.8,9.000250312499999e-09,0.6400000000000001,9.000250312499999e-09,1.749332506234339e-07
9.000333749999999e-09,0.8,9.000333749999999e-09,0.8,9.000333749999999e-09,0.8018763416662508,9.000333749999999e-09,0.01074881403998311,9.000333749999999e-09,0.8,9.000333749999999e-09,0.6400000000000001,9.000333749999999e-09,1.739516043653952e-07
9.000500624999999e-09,0.8,9.000500624999999e-09,0.8,9.000500624999999e-09,0.8018798672870853,9.000500624999999e-09,0.01086321730398209,9.000500624999999e-09,0.8,9.000500624999999e-09,0.6400000000000001,9.000500624999999e-09,1.699127548252858e-07
9.000834374999999e-09,0.8,9.000834374999999e-09,0.8,9.000834374999999e-09,0.8018838376866304,9.000834374999999e-09,0.0110816499823363,9.000834374999999e-09,0.8,9.000834374999999e-09,0.6400000000000001,9.000834374999999e-09,1.643405488559737e-07
9.001501875e-09,0.8,9.001501875e-09,0.8,9.001501875e-09,0.801880801578398,9.001501875e-09,0.01147996822008932,9.001501875e-09,0.8,9.001501875e-09,0.6400000000000001,9.001501875e-09,1.516839915391037e-07
9.002836874999998e-09,0.8,9.002836874999998e-09,0.8,9.002836874999998e-09,0.8018401469499906,9.002836874999998e-09,0.01214512503509362,9.002836874999998e-09,0.8,9.002836874999998e-09,0.6400000000000001,9.002836874999998e-09,1.316809318158663e-07
9.005506874999999e-09,0.8,9.005506874999999e-09,0.8,9.005506874999999e-09,0.8016742697114564,9.005506874999999e-09,0.0130855908305947,9.005506874999999e-09,0.8,9.005506874999999e-09,0.6400000000000001,9.005506874999999e-09,9.847316529716421e-08
9.010846874999999e-09,0.8,9.010846874999999e-09,0.8,9.010846874999999e-09,0.8012381571316248,9.010846874999999e-09,0.01406821527971219,9.010846874999999e-09,0.8,9.010846874999999e-09,0.6400000000000001,9.010846874999999e-09,5.809967753233906e-08
9.021419179406999e-09,0.8,9.021419179406999e-09,0.8,9.021419179406999e-09,0.800545152357834,9.021419179406999e-09,0.01467539612417056,9.021419179406999e-09,0.8,9.021419179406999e-09,0.6400000000000001,9.021419179406999e-09,2.035341403973717e-08
9.035491414278e-09,0.8,9.035491414278e-09,0.8,9.035491414278e-09,0.8001337730189128,9.035491414278e-09,0.0147942372097883,9.035491414278e-09,0.8,9.035491414278e-09,0.6400000000000001,9.035491414278e-09,5.773679377356774e-09
9.056914746193999e-09,0.8,9.056914746193999e-09,0.8,9.056914746193999e-09,0.8000133110090493,9.056914746193999e-09,0.01485441129423454,9.056914746193999e-09,0.8,9.056914746193999e-09,0.6400000000000001,9.056914746193999e-09,-1.045238811245048e-10
9.093578351489999e-09,0.8,9.093578351489999e-09,0.8,9.093578351489999e-09,0.8000005542094057,9.093578351489999e-09,0.01486205339432162,9.093578351489999e-09,0.8,9.093578351489999e-09,0.6400000000000001,9.093578351489999e-09,4.688135000378924e-10
9.156222115499999e-09,0.8,9.156222115499999e-09,0.8,9.156222115499999e-09,0.8000004059824245,9.156222115499999e-09,0.01485996896842854,9.156222115499999e-09,0.8,9.156222115499999e-09,0.6400000000000001,9.156222115499999e-09,-5.051504023654373e-10
9.281509643519999e-09,0.8,9.281509643519999e-09,0.8,9.281509643519999e-09,0.799999512236465,9.281509643519999e-09,0.01486252219920769,9.281509643519999e-09,0.8,9.281509643519999e-09,0.6400000000000001,9.281509643519999e-09,4.965758317785817e-10
9.532084699559999e-09,0.8,9.532084699559999e-09,0.8,9.532084699559999e-09,0.8000000147327083,9.532084699559999e-09,0.01486035927795236,9.532084699559999e-09,0.8,9.532084699559999e-09,0.6400000000000001,9.532084699559999e-09,-5.270528012913478e-10
9.999999999999999e-09,0.8,9.999999999999999e-09,0.8,9.999999999999999e-09,0.7999996570629804,9.999999999999999e-09,0.01486235481853945,9.999999999999999e-09,0.8,9.999999999999999e-09,0.6400000000000001,9.999999999999999e-09,5.053080178775854e-10
1.0000006518554e-08,0.8,1.0000006518554e-08,0.8,1.0000006518554e-08,0.7999816461767064,1.0000006518554e-08,0.01483386793996008,1.0000006518554e-08,0.8,1.0000006518554e-08,0.6395828125000154,1.0000006518554e-08,-8.40954697872038e-07
1.0000019555664e-08,0.8,1.0000019555664e-08,0.8,1.0000019555664e-08,0.7999417687671849,1.0000019555664e-08,0.01476906916191705,1.0000019555664e-08,0.8,1.0000019555664e-08,0.638748437500046,1.0000019555664e-08,-1.339148482389185e-06
1.0000026074218e-08,0.8,1.0000026074218e-08,0.8,1.0000026074218e-08,0.7999213738294754,1.0000026074218e-08,0.01473558467043932,1.0000026074218e-08,0.8,1.0000026074218e-08,0.6383312500000612,1.0000026074218e-08,-1.133731637153479e-06
1.0000039111328e-08,0.8,1.0000039111328e-08,0.8,1.0000039111328e-08,0.7998817003247953,1.0000039111328e-08,0.01467120213240557,1.0000039111328e-08,0.8,1.0000039111328e-08,0.6374968750000918,1.0000039111328e-08,-1.177073634050881e-06
1.0000065185546e-08,0.8,1.0000065185546e-08,0.8,1.0000065185546e-08,0.7998016131053837,1.0000065185546e-08,0.01454052424815439,1.0000065185546e-08,0.8,1.0000065185546e-08,0.6358281250001528,1.0000065185546e-08,-1.164652422957104e-06
1.0000117333984e-08,0.8,1.0000117333984e-08,0.8,1.0000117333984e-08,0.7996424028998409,1.0000117333984e-08,0.01427992059275101,1.0000117333984e-08,0.8,1.0000117333984e-08,0.6324906250002751,1.0000117333984e-08,-1.180439240198138e-06
1.0000221630859e-08,0.8,1.0000221630859e-08,0.8,1.0000221630859e-08,0.7993250129246978,1.0000221630859e-08,0.01375648568696444,1.0000221630859e-08,0.8,1.0000221630859e-08,0.6258156250005195,1.0000221630859e-08,-1.18613864688432e-06
1.0000430224609e-08,0.8,1.0000430224609e-08,0.8,1.0000430224609e-08,0.7986981929449747,1.0000430224609e-08,0.01271041954803644,1.0000430224609e-08,0.8,1.0000430224609e-08,0.6124656250010082,1.0000430224609e-08,-1.209430713089131e-06
1.0000847412109e-08,0.8,1.0000847412109e-08,0.8,1.0000847412109e-08,0.7974819625396241,1.0000847412109e-08,0.01064883712459307,1.0000847412109e-08,0.8,1.0000847412109e-08,0.5857656250019858,1.0000847412109e-08,-1.221251649020885e-06
1.0001681787109e-08,0.8,1.0001681787109e-08,0.8,1.0001681787109e-08,0.795245156424728,1.0001681787109e-08,0.006831431003951648,1.0001681787109e-08,0.8,1.0001681787109e-08,0.532365625003941,1.0001681787109e-08,-1.20250035947947e-06
1.0003350537109e-08,0.8,1.0003350537109e-08,0.8,1.0003350537109e-08,0.791655944890576,1.0003350537109e-08,0.0009668765273334557,1.0003350537109e-08,0.8,1.0003350537109e-08,0.4255656250078513,1.0003350537109e-08,-1.067450472886644e-06
1.0006688037109e-08,0.8,1.0006688037109e-08,0.8,1.0006688037109e-08,0.786987054928115,1.0006688037109e-08,-0.005810599192703866,1.0006688037109e-08,0.8,1.0006688037109e-08,0.2119656250156718,1.0006688037109e-08,-1.004698449616375e-06
1.0008344018554e-08,0.8,1.0008344018554e-08,0.8,1.0008344018554e-08,0.7856365436128785,1.0008344018554e-08,-0.007497012934007764,1.0008344018554e-08,0.8,1.0008344018554e-08,0.1059828125078889,1.0008344018554e-08,-9.345406127182468e-07
1.0009999999999e-08,0.8,1.0009999999999e-08,0.8,1.0009999999999e-08,0.7846315470540703,1.0009999999999e-08,-0.008672166511299529,1.0009999999999e-08,0.8,1.0009999999999e-08,1.059152765492399e-13,1.0009999999999e-08,-9.814884223290761e-07
1.0010001629638e-08,0.8,1.0010001629638e-08,0.8,1.0010001629638e-08,0.7846338015980697,1.0010001629638e-08,-0.008670267655479335,1.0010001629638e-08,0.8,1.0010001629638e-08,0,1.0010001629638e-08,-6.620522232417464e-07
1.0010004888916e-08,0.8,1.0010004888916e-08,0.8,1.0010004888916e-08,0.7846401166126746,1.0010004888916e-08,-0.00866450474391949,1.0010004888916e-08,0.8,1.0010004888916e-08,0,1.0010004888916e-08,-2.184695985698273e-07
1.001001140747e-08,0.8,1.001001140747e-08,0.8,1.001001140747e-08,0.7846542549759447,1.001001140747e-08,-0.008650834014582815,1.001001140747e-08,0.8,1.001001140747e-08,0,1.001001140747e-08,-1.605489887776796e-07
1.0010014666748e-08,0.8,1.0010014666748e-08,0.8,1.0010014666748e-08,0.784660665733883,1.0010014666748e-08,-0.008644651727728611,1.0010014666748e-08,0.8,1.0010014666748e-08,0,1.0010014666748e-08,-2.066368921308326e-07
1.0010021185302e-08,0.8,1.0010021185302e-08,0.8,1.0010021185302e-08,0.7846738778285921,1.0010021185302e-08,-0.00863200206262576,1.0010021185302e-08,0.8,1.0010021185302e-08,0,1.0010021185302e-08,-1.877010613487989e-07
1.0010034222412e-08,0.8,1.0010034222412e-08,0.8,1.0010034222412e-08,0.7847000114777387,1.0010034222412e-08,-0.00860688601063409,1.0010034222412e-08,0.8,1.0010034222412e-08,0,1.0010034222412e-08,-2.088957324836726e-07
1.001006029663e-08,0.8,1.001006029663e-08,0.8,1.001006029663e-08,0.7847522445725685,1.001006029663e-08,-0.00855677872453732,1.001006029663e-08,0.8,1.001006029663e-08,0,1.001006029663e-08,-1.897349197601738e-07
1.001007333374e-08,0.8,1.001007333374e-08,0.8,1.001007333374e-08,0.7847782208833638,1.001007333374e-08,-0.008531854426415455,1.001007333374e-08,0.8,1.001007333374e-08,0,1.001007333374e-08,-2.06923587095333e-07
1.0010099407959e-08,0.8,1.0010099407959e-08,0.8,1.0010099407959e-08,0.7848301211941153,1.0010099407959e-08,-0.008482146095138789,1.0010099407959e-08,0.8,1.0010099407959e-08,0,1.0010099407959e-08,-1.91139832377856e-07
1.0010151556396e-08,0.8,1.0010151556396e-08,0.8,1.0010151556396e-08,0.7849331828305499,1.0010151556396e-08,-0.008383557393179067,1.0010151556396e-08,0.8,1.0010151556396e-08,0,1.0010151556396e-08,-2.057034593368255e-07
1.0010255853271e-08,0.8,1.0010255853271e-08,0.8,1.0010255853271e-08,0.7851368630491516,1.0010255853271e-08,-0.008189412371321368,1.0010255853271e-08,0.8,1.0010255853271e-08,0,1.0010255853271e-08,-1.90579046352838e-07
1.0010308001709e-08,0.8,1.0010308001709e-08,0.8,1.0010308001709e-08,0.7852374044529111,1.0010308001709e-08,-0.008093884893124565,1.0010308001709e-08,0.8,1.0010308001709e-08,0,1.0010308001709e-08,-2.044139784324298e-07
1.0010412298584e-08,0.8,1.0010412298584e-08,0.8,1.0010412298584e-08,0.7854361109264494,1.0010412298584e-08,-0.007905774449805621,1.0010412298584e-08,0.8,1.0010412298584e-08,0,1.0010412298584e-08,-1.899921931384696e-07
1.0010620892334e-08,0.8,1.0010620892334e-08,0.8,1.0010620892334e-08,0.7858238249199493,1.0010620892334e-08,-0.007541246413814708,1.0010620892334e-08,0.8,1.0010620892334e-08,0,1.0010620892334e-08,-2.023402386330784e-07
1.0011038079834e-08,0.8,1.0011038079834e-08,0.8,1.0011038079834e-08,0.7865626487973371,1.0011038079834e-08,-0.00685650594902935,1.0011038079834e-08,0.8,1.0011038079834e-08,0,1.0011038079834e-08,-1.861920662678946e-07
1.0011246673584e-08,0.8,1.0011246673584e-08,0.8,1.0011246673584e-08,0.7869143873050681,1.0011246673584e-08,-0.006535449318975962,1.0011246673584e-08,0.8,1.0011246673584e-08,0,1.0011246673584e-08,-1.983010281274803e-07
1.0011663861084e-08,0.8,1.0011663861084e-08,0.8,1.0011663861084e-08,0.7875852265386746,1.0011663861084e-08,-0.005932592754426719,1.0011663861084e-08,0.8,1.0011663861084e-08,0,1.0011663861084e-08,-1.821812394142144e-07
1.0012498236085e-08,0.8,1.0012498236085e-08,0.8,1.0012498236085e-08,0.7888073078938823,1.0012498236085e-08,-0.004869411157867065,1.0012498236085e-08,0.8,1.0012498236085e-08,0,1.0012498236085e-08,-1.897439220870803e-07
1.0014166986085e-08,0.8,1.0014166986085e-08,0.8,1.0014166986085e-08,0.790849815446751,1.0014166986085e-08,-0.003213409037170073,1.0014166986085e-08,0.8,1.0014166986085e-08,0,1.0014166986085e-08,-1.640628109565119e-07
1.0017504486087e-08,0.8,1.0017504486087e-08,0.8,1.0017504486087e-08,0.7937702865492074,1.0017504486087e-08,-0.001201974254647525,1.0017504486087e-08,0.8,1.0017504486087e-08,0,1.0017504486087e-08,-1.508594863591034e-07
1.002417948609e-08,0.8,1.002417948609e-08,0.8,1.002417948609e-08,0.7969639204286521,1.002417948609e-08,0.0002106575963973487,1.002417948609e-08,0.8,1.002417948609e-08,0,1.002417948609e-08,-8.89720358848602e-08
1.0032559858316e-08,0.8,1.0032559858316e-08,0.8,1.0032559858316e-08,0.7986431908076533,1.0032559858316e-08,0.0003105084106986756,1.0032559858316e-08,0.8,1.0032559858316e-08,0,1.0032559858316e-08,-5.45180622571489e-08
1.0043734364147e-08,0.8,1.0043734364147e-08,0.8,1.0043734364147e-08,0.7995202432040219,1.0043734364147e-08,0.0001482998089362028,1.0043734364147e-08,0.8,1.0043734364147e-08,0,1.0043734364147e-08,-1.206008975795207e-08
1.0059858113313e-08,0.8,1.0059858113313e-08,0.8,1.0059858113313e-08,0.79990456640452,1.0059858113313e-08,2.992037853919768e-05,1.0059858113313e-08,0.8,1.0059858113313e-08,0,1.0059858113313e-08,-9.754795092086123e-09
1.0085313101062e-08,0.8,1.0085313101062e-08,0.8,1.0085313101062e-08,0.8000026427460867,1.0085313101062e-08,-7.707884386778801e-07,1.0085313101062e-08,0.8,1.0085313101062e-08,0,1.0085313101062e-08,6.200226007697052e-09
1.0126079533269e-08,0.8,1.0126079533269e-08,0.8,1.0126079533269e-08,0.7999990938523019,1.0126079533269e-08,2.872377167102401e-07,1.0126079533269e-08,0.8,1.0126079533269e-08,0,1.0126079533269e-08,-6.144195551280263e-09
1.0198660668292e-08,0.8,1.0198660668292e-08,0.8,1.0198660668292e-08,0.8000002421989925,1.0198660668292e-08,-2.441967704263625e-08,1.0198660668292e-08,0.8,1.0198660668292e-08,0,1.0198660668292e-08,6.107245339449943e-09
1.0343822938338e-08,0.8,1.0343822938338e-08,0.8,1.0343822938338e-08,0.7999995556592697,1.0343822938338e-08,1.508281315407668e-07,1.0343822938338e-08,0.8,1.0343822938338e-08,0,1.0343822938338e-08,-6.125749465300884e-09
1.0634147478431e-08,0.8,1.0634147478431e-08,0.8,1.0634147478431e-08,0.8000000927552393,1.0634147478431e-08,1.984168250150856e-08,1.0634147478431e-08,0.8,1.0634147478431e-08,0,1.0634147478431e-08,6.101398586536167e-09
1.1214796558615e-08,0.8,1.1214796558615e-08,0.8,1.1214796558615e-08,0.7999996163288299,1.1214796558615e-08,1.331015563200303e-07,1.1214796558615e-08,0.8,1.1214796558615e-08,0,1.1214796558615e-08,-6.12338612389157e-09
1.1814796558615e-08,0.8,1.1814796558615e-08,0.8,1.1814796558615e-08,0.8000000575599628,1.1814796558615e-08,3.005280623938786e-08,1.1814796558615e-08,0.8,1.1814796558615e-08,0,1.1814796558615e-08,6.100025388388376e-09
1.2e-08,0.8,1.2e-08,0.8,1.2e-08,0.7999996766078578,1.2e-08,1.15939021950352e-07,1.2e-08,0.8,1.2e-08,0,1.2e-08,-6.120928368509293e-09
1.2370406882768e-08,0.8,1.2370406882768e-08,0.8,1.2370406882768e-08,0.7999998403177533,1.2370406882768e-08,8.05723484512454e-08,1.2370406882768e-08,0.8,1.2370406882768e-08,0,1.2370406882768e-08,-1.154973021233942e-11
1.2970406882768e-08,0.8,1.2970406882768e-08,0.8,1.2970406882768e-08,0.7999998498353337,1.2970406882768e-08,7.788667032309866e-08,1.2970406882768e-08,0.8,1.2970406882768e-08,0,1.2970406882768e-08,-1.117671664381972e-11
1.3e-08,0.8,1.3e-08,0.8,1.3e-08,0.799999846579986,1.3e-08,7.87852771229877e-08,1.3e-08,0.8,1.3e-08,0,1.3e-08,-1.13067377943512e-11
1.3059186234463e-08,0.8,1.3059186234463e-08,0.8,1.3059186234463e-08,0.7999998454874029,1.3059186234463e-08,7.910592070105256e-08,1.3059186234463e-08,0.8,1.3059186234463e-08,0,1.3059186234463e-08,-1.134771582316492e-11
1.317755870339e-08,0.8,1.317755870339e-08,0.8,1.317755870339e-08,0.799999845119479,1.317755870339e-08,7.921733432272225e-08,1.317755870339e-08,0.8,1.317755870339e-08,0,1.317755870339e-08,-1.136160074808361e-11
1.3414303641243e-08,0.8,1.3414303641243e-08,0.8,1.3414303641243e-08,0.7999998453850434,1.3414303641243e-08,7.913723065061868e-08,1.3414303641243e-08,0.8,1.3414303641243e-08,0,1.3414303641243e-08,-1.135160272528336e-11
1.388779351695e-08,0.8,1.388779351695e-08,0.8,1.388779351695e-08,0.799999845158463,1.388779351695e-08,7.920550964527337e-08,1.388779351695e-08,0.8,1.388779351695e-08,0,1.388779351695e-08,-1.136011711368862e-11
1.4e-08,0.8,1.4e-08,0.8,1.4e-08,0.7999998453352524,1.4e-08,7.915238565217621e-08,1.4e-08,0.8,1.4e-08,0,1.4e-08,-1.135349381756521e-11
1.4224412966098e-08,0.8,1.4224412966098e-08,0.8,1.4224412966098e-08,0.7999998452694302,1.4224412966098e-08,7.917205903454938e-08,1.4224412966098e-08,0.8,1.4224412966098e-08,0,1.4224412966098e-08,-1.135594931644991e-11
1.4673238898296e-08,0.8,1.4673238898296e-08,0.8,1.4673238898296e-08,0.7999998452625781,1.4673238898296e-08,7.917410383525531e-08,1.4673238898296e-08,0.8,1.4673238898296e-08,0,1.4673238898296e-08,-1.135621102097215e-11
1.499e-08,0.8,1.499e-08,0.8,1.499e-08,0.7999998452688182,1.499e-08,7.917231293888974e-08,1.499e-08,0.8,1.499e-08,0,1.499e-08,-1.135596923943459e-11
1.4990006518554e-08,0.8,1.4990006518554e-08,0.8,1.4990006518554e-08,0.8000152290475876,1.4990006518554e-08,1.431608447120275e-05,1.4990006518554e-08,0.8,1.4990006518554e-08,0.0004171874999846564,1.4990006518554e-08,5.126028892385907e-07
1.4990019555664e-08,0.8,1.4990019555664e-08,0.8,1.4990019555664e-08,0.8000483569515354,1.4990019555664e-08,4.471849061784294e-05,1.4990019555664e-08,0.8,1.4990019555664e-08,0.001251562499953969,1.4990019555664e-08,7.569246935647923e-07
1.4990045629882e-08,0.8,1.4990045629882e-08,0.8,1.4990045629882e-08,0.8001134729838022,1.4990045629882e-08,0.0001032164339517947,1.4990045629882e-08,0.8,1.4990045629882e-08,0.002920312499892595,1.4990045629882e-08,5.765792889051401e-07
1.499009777832e-08,0.8,1.499009777832e-08,0.8,1.499009777832e-08,0.8002425373590614,1.499009777832e-08,0.0002191605461370299,1.499009777832e-08,0.8,1.499009777832e-08,0.006257812499769846,1.499009777832e-08,7.260696795298373e-07
1.4990202075195e-08,0.8,1.4990202075195e-08,0.8,1.4990202075195e-08,0.8004984282436417,1.4990202075195e-08,0.0004484008573121192,1.4990202075195e-08,0.8,1.4990202075195e-08,0.01293281249952435,1.4990202075195e-08,5.944557920240966e-07
1.4990410668945e-08,0.8,1.4990410668945e-08,0.8,1.4990410668945e-08,0.8009981668555571,1.4990410668945e-08,0.0008933478495786938,1.4990410668945e-08,0.8,1.4990410668945e-08,0.02628281249903336,1.4990410668945e-08,7.260535203758072e-07
1.4990827856445e-08,0.8,1.4990827856445e-08,0.8,1.4990827856445e-08,0.8019548638526807,1.4990827856445e-08,0.001734878889115497,1.4990827856445e-08,0.8,1.4990827856445e-08,0.05298281249805137,1.4990827856445e-08,6.109407603918932e-07
1.4991662231445e-08,0.8,1.4991662231445e-08,0.8,1.4991662231445e-08,0.8037069393053686,1.4991662231445e-08,0.003236335942859602,1.4991662231445e-08,0.8,1.4991662231445e-08,0.1063828124960874,1.4991662231445e-08,7.50103153472719e-07
1.4993330981445e-08,0.8,1.4993330981445e-08,0.8,1.4993330981445e-08,0.8066655205401203,1.4993330981445e-08,0.00563780279827585,1.4993330981445e-08,0.8,1.4993330981445e-08,0.2131828124921594,1.4993330981445e-08,6.625307924472179e-07
1.4996668481445e-08,0.8,1.4996668481445e-08,0.8,1.4996668481445e-08,0.811104242203596,1.4996668481445e-08,0.009269467076552521,1.4996668481445e-08,0.8,1.4996668481445e-08,0.4267828124843035,1.4996668481445e-08,9.002301155273855e-07
1.4998334240722e-08,0.8,1.4998334240722e-08,0.8,1.4998334240722e-08,0.8130667144374035,1.4998334240722e-08,0.0118417451912123,1.4998334240722e-08,0.8,1.4998334240722e-08,0.5333914062421518,1.4998334240722e-08,1.029062918250055e-06
1.5e-08,0.8,1.5e-08,0.8,1.5e-08,0.8154367772336778,1.5e-08,0.01685743755686012,1.5e-08,0.8,1.5e-08,0.6400000000000001,1.5e-08,1.492081679031328e-06
1.5000001629638e-08,0.8,1.5000001629638e-08,0.8,1.5000001629638e-08,0.8154359800369861,1.5000001629638e-08,0.01685917248096161,1.5000001629638e-08,0.8,1.5000001629638e-08,0.6400000000000001,1.5000001629638e-08,1.080676926022226e-06
1.5000002444458e-08,0.8,1.5000002444458e-08,0.8,1.5000002444458e-08,0.8154352711206722,1.5000002444458e-08,0.01685955965846127,1.5000002444458e-08,0.8,1.5000002444458e-08,0.6400000000000001,1.5000002444458e-08,8.69403467560048e-07
1.5000004074096e-08,0.8,1.5000004074096e-08,0.8,1.5000004074096e-08,0.8154328681197273,1.5000004074096e-08,0.01685862213695596,1.5000004074096e-08,0.8,1.5000004074096e-08,0.6400000000000001,1.5000004074096e-08,5.639514680917334e-07
1.5000007333374e-08,0.8,1.5000007333374e-08,0.8,1.5000007333374e-08,0.8154271512218334,1.5000007333374e-08,0.016854940016761,1.5000007333374e-08,0.8,1.5000007333374e-08,0.6400000000000001,1.5000007333374e-08,3.850495140703351e-07
1.5000013851928e-08,0.8,1.5000013851928e-08,0.8,1.5000013851928e-08,0.8154155588070329,1.5000013851928e-08,0.01684763062207392,1.5000013851928e-08,0.8,1.5000013851928e-08,0.6400000000000001,1.5000013851928e-08,3.836862219968015e-07
1.5000017111206e-08,0.8,1.5000017111206e-08,0.8,1.5000017111206e-08,0.8154098835822911,1.5000017111206e-08,0.01684433420868934,1.5000017111206e-08,0.8,1.5000017111206e-08,0.6400000000000001,1.5000017111206e-08,3.892828443015584e-07
1.500002362976e-08,0.8,1.500002362976e-08,0.8,1.500002362976e-08,0.8153985845187206,1.500002362976e-08,0.01683782611164714,1.500002362976e-08,0.8,1.500002362976e-08,0.6400000000000001,1.500002362976e-08,3.948371248459679e-07
1.500003666687e-08,0.8,1.500003666687e-08,0.8,1.500003666687e-08,0.8153760494527287,1.500003666687e-08,0.01682490096402488,1.500003666687e-08,0.8,1.500003666687e-08,0.6400000000000001,1.500003666687e-08,3.934960287260305e-07
1.5000062741088e-08,0.8,1.5000062741088e-08,0.8,1.5000062741088e-08,0.8153311062472816,1.5000062741088e-08,0.01679919217757333,1.5000062741088e-08,0.8,1.5000062741088e-08,0.6400000000000001,1.5000062741088e-08,3.939103058894676e-07
1.5000114889526e-08,0.8,1.5000114889526e-08,0.8,1.5000114889526e-08,0.8152417013508175,1.5000114889526e-08,0.01674831447812745,1.5000114889526e-08,0.8,1.5000114889526e-08,0.6400000000000001,1.5000114889526e-08,3.918401036157214e-07
1.5000219186401e-08,0.8,1.5000219186401e-08,0.8,1.5000219186401e-08,0.815064809121648,1.5000219186401e-08,0.01664869269333248,1.5000219186401e-08,0.8,1.5000219186401e-08,0.6400000000000001,1.5000219186401e-08,3.904369596110267e-07
1.500042778015e-08,0.8,1.500042778015e-08,0.8,1.500042778015e-08,0.8147185193713397,1.500042778015e-08,0.01645771121344657,1.500042778015e-08,0.8,1.500042778015e-08,0.6400000000000001,1.500042778015e-08,3.849267501882917e-07
1.500084496765e-08,0.8,1.500084496765e-08,0.8,1.500084496765e-08,0.8140546663022183,1.500084496765e-08,0.01610678498834969,1.500084496765e-08,0.8,1.500084496765e-08,0.6400000000000001,1.500084496765e-08,3.764388330268489e-07
1.5001679342648e-08,0.8,1.5001679342648e-08,0.8,1.5001679342648e-08,0.8128325919739973,1.5001679342648e-08,0.01551461789252886,1.5001679342648e-08,0.8,1.5001679342648e-08,0.6400000000000001,1.5001679342648e-08,3.566372570355716e-07
1.5003348092646e-08,0.8,1.5003348092646e-08,0.8,1.5003348092646e-08,0.8107481814884725,1.5003348092646e-08,0.01467532360697612,1.5003348092646e-08,0.8,1.5003348092646e-08,0.6400000000000001,1.5003348092646e-08,3.199547848796397e-07
1.500668559264e-08,0.8,1.500668559264e-08,0.8,1.500668559264e-08,0.8076485388710907,1.500668559264e-08,0.01386969375807147,1.500668559264e-08,0.8,1.500668559264e-08,0.6400000000000001,1.500668559264e-08,2.501792263169172e-07
1.501336059263e-08,0.8,1.501336059263e-08,0.8,1.501336059263e-08,0.8039942926762156,1.501336059263e-08,0.01372571513592813,1.501336059263e-08,0.8,1.501336059263e-08,0.6400000000000001,1.501336059263e-08,1.476563086923058e-07
1.5022469020266e-08,0.8,1.5022469020266e-08,0.8,1.5022469020266e-08,0.8017308916377435,1.5022469020266e-08,0.01423699303815437,1.5022469020266e-08,0.8,1.5022469020266e-08,0.6400000000000001,1.5022469020266e-08,6.696453570472577e-08
1.5034979262997e-08,0.8,1.5034979262997e-08,0.8,1.5034979262997e-08,0.8005471605841193,1.5034979262997e-08,0.01466573339529929,1.5034979262997e-08,0.8,1.5034979262997e-08,0.6400000000000001,1.5034979262997e-08,2.145237017788868e-08
1.5051717672848e-08,0.8,1.5051717672848e-08,0.8,1.5051717672848e-08,0.8001049859541463,1.5051717672848e-08,0.01482328392646719,1.5051717672848e-08,0.8,1.5051717672848e-08,0.6400000000000001,1.5051717672848e-08,3.153463489253338e-09
1.5076760984772e-08,0.8,1.5076760984772e-08,0.8,1.5076760984772e-08,0.800005597130644,1.5076760984772e-08,0.01485573135694861,1.5076760984772e-08,0.8,1.5076760984772e-08,0.6400000000000001,1.5076760984772e-08,5.268726633474082e-10
1.5115753359914e-08,0.8,1.5115753359914e-08,0.8,1.5115753359914e-08,0.8000027622614911,1.5115753359914e-08,0.0148610130451536,1.5115753359914e-08,0.8,1.5115753359914e-08,0.6400000000000001,1.5115753359914e-08,-4.028416758779686e-10
1.5185013003597e-08,0.8,1.5185013003597e-08,0.8,1.5185013003597e-08,0.7999989152436139,1.5185013003597e-08,0.01486108065368453,1.5185013003597e-08,0.8,1.5185013003597e-08,0.6400000000000001,1.5185013003597e-08,4.219236441652351e-10
1.5323532290961e-08,0.8,1.5323532290961e-08,0.8,1.5323532290961e-08,0.8000004724464798,1.5323532290961e-08,0.01486168249348724,1.5323532290961e-08,0.8,1.5323532290961e-08,0.6400000000000001,1.5323532290961e-08,-4.525366353533854e-10
1.5600570865691e-08,0.8,1.5600570865691e-08,0.8,1.5600570865691e-08,0.7999992429906185,1.5600570865691e-08,0.01486109256279156,1.5600570865691e-08,0.8,1.5600570865691e-08,0.6400000000000001,1.5600570865691e-08,4.301879811747704e-10
1.6e-08,0.8,1.6e-08,0.8,1.6e-08,0.8000003293157346,1.6e-08,0.01486167151333291,1.6e-08,0.8,1.6e-08,0.6400000000000001,1.6e-08,-4.559734348639132e-10
1.66e-08,0.8,1.66e-08,0.8,1.66e-08,0.7999998215860795,1.66e-08,0.0148613853618207,1.66e-08,0.8,1.66e-08,0.6400000000000001,1.66e-08,-1.207053007741917e-11
1.7e-08,0.8,1.7e-08,0.8,1.7e-08,0.7999998067778158,1.7e-08,0.014861383245051,1.7e-08,0.8,1.7e-08,0.6400000000000001,1.7e-08,-1.242285509629442e-11
1.76e-08,0.8,1.76e-08,0.8,1.76e-08,0.7999998136273886,1.76e-08,0.01486138436938418,1.76e-08,0.8,1.76e-08,0.6400000000000001,1.76e-08,-1.226300159745204e-11
1.8e-08,0.8,1.8e-08,0.8,1.8e-08,0.7999998138719387,1.8e-08,0.01486138434286367,1.8e-08,0.8,1.8e-08,0.6400000000000001,1.8e-08,-1.225592416971432e-11
1.8000006518554e-08,0.8,1.8000006518554e-08,0.8,1.8000006518554e-08,0.7999818034343039,1.8000006518554e-08,0.01483290572278907,1.8000006518554e-08,0.8,1.8000006518554e-08,0.6395828125000155,1.8000006518554e-08,-8.408690143134631e-07
1.8000019555664e-08,0.8,1.8000019555664e-08,0.8,1.8000019555664e-08,0.7999419272063931,1.8000019555664e-08,0.01476811407932899,1.8000019555664e-08,0.8,1.8000019555664e-08,0.6387484375000462,1.8000019555664e-08,-1.339066332036728e-06
1.8000026074218e-08,0.8,1.8000026074218e-08,0.8,1.8000026074218e-08,0.7999215323272948,1.8000026074218e-08,0.0147346289610705,1.8000026074218e-08,0.8,1.8000026074218e-08,0.6383312500000615,1.8000026074218e-08,-1.133775009445281e-06
1.8000039111328e-08,0.8,1.8000039111328e-08,0.8,1.8000039111328e-08,0.7998818590104763,1.8000039111328e-08,0.01467024876449241,1.8000039111328e-08,0.8,1.8000039111328e-08,0.6374968750000922,1.8000039111328e-08,-1.176988282303387e-06
1.8000065185546e-08,0.8,1.8000065185546e-08,0.8,1.8000065185546e-08,0.7998017727581747,1.8000065185546e-08,0.0145395755112837,1.8000065185546e-08,0.8,1.8000065185546e-08,0.6358281250001535,1.8000065185546e-08,-1.164665283554044e-06
1.8000117333984e-08,0.8,1.8000117333984e-08,0.8,1.8000117333984e-08,0.799642563854531,1.8000117333984e-08,0.01427898048345771,1.8000117333984e-08,0.8,1.8000117333984e-08,0.6324906250002763,1.8000117333984e-08,-1.180368372506401e-06
1.8000221630859e-08,0.8,1.8000221630859e-08,0.8,1.8000221630859e-08,0.799325176944069,1.8000221630859e-08,0.01375556307445978,1.8000221630859e-08,0.8,1.8000221630859e-08,0.6258156250005218,1.8000221630859e-08,-1.186146336614875e-06
1.8000430224609e-08,0.8,1.8000430224609e-08,0.8,1.8000430224609e-08,0.798698362155436,1.8000430224609e-08,0.01270952969596564,1.8000430224609e-08,0.8,1.8000430224609e-08,0.6124656250010128,1.8000430224609e-08,-1.209364986766154e-06
1.8000847412109e-08,0.8,1.8000847412109e-08,0.8,1.8000847412109e-08,0.7974821412394714,1.8000847412109e-08,0.0106480079722079,1.8000847412109e-08,0.8,1.8000847412109e-08,0.5857656250019948,1.8000847412109e-08,-1.221261697772974e-06
1.8001681787109e-08,0.8,1.8001681787109e-08,0.8,1.8001681787109e-08,0.795245349231854,1.8001681787109e-08,0.006830705304593851,1.8001681787109e-08,0.8,1.8001681787109e-08,0.5323656250039588,1.8001681787109e-08,-1.202441134927126e-06
1.8003350537109e-08,0.8,1.8003350537109e-08,0.8,1.8003350537109e-08,0.7916561548366176,1.8003350537109e-08,0.000966313190041467,1.8003350537109e-08,0.8,1.8003350537109e-08,0.4255656250078867,1.8003350537109e-08,-1.067467482738703e-06
1.8006688037109e-08,0.8,1.8006688037109e-08,0.8,1.8006688037109e-08,0.7869872562149031,1.8006688037109e-08,-0.005810977668662881,1.8006688037109e-08,0.8,1.8006688037109e-08,0.2119656250157426,1.8006688037109e-08,-1.004652829857933e-06
1.8008344018554e-08,0.8,1.8008344018554e-08,0.8,1.8008344018554e-08,0.7856367463671901,1.8008344018554e-08,-0.007497299787084157,1.8008344018554e-08,0.8,1.8008344018554e-08,0.1059828125077654,1.8008344018554e-08,-9.34556028990444e-07
1.801e-08,0.8,1.801e-08,0.8,1.801e-08,0.7846317438904925,1.801e-08,-0.008672384803321788,1.801e-08,0.8,1.801e-08,0,1.801e-08,-9.814473621271006e-07
1.8010001629638e-08,0.8,1.8010001629638e-08,0.8,1.8010001629638e-08,0.7846339984843475,1.8010001629638e-08,-0.008670485812182577,1.8010001629638e-08,0.8,1.8010001629638e-08,0,1.8010001629638e-08,-6.620265842445946e-07
1.8010004888916e-08,0.8,1.8010004888916e-08,0.8,1.8010004888916e-08,0.784640313536731,1.8010004888916e-08,-0.00866472274843467,1.8010004888916e-08,0.8,1.8010004888916e-08,0,1.8010004888916e-08,-2.184590352365432e-07
1.801001140747e-08,0.8,1.801001140747e-08,0.8,1.801001140747e-08,0.7846544518572186,1.801001140747e-08,-0.008651051820428309,1.801001140747e-08,0.8,1.801001140747e-08,0,1.801001140747e-08,-1.605358696392509e-07
1.8010014666748e-08,0.8,1.8010014666748e-08,0.8,1.8010014666748e-08,0.7846608625978189,1.8010014666748e-08,-0.008644869400890874,1.8010014666748e-08,0.8,1.8010014666748e-08,0,1.8010014666748e-08,-2.066243024600324e-07
1.8010021185302e-08,0.8,1.8010021185302e-08,0.8,1.8010021185302e-08,0.7846740746541737,1.8010021185302e-08,-0.008632219508011331,1.8010021185302e-08,0.8,1.8010021185302e-08,0,1.8010021185302e-08,-1.876890179606648e-07
1.8010034222412e-08,0.8,1.8010034222412e-08,0.8,1.8010034222412e-08,0.7847002082244077,1.8010034222412e-08,-0.008607102985645081,1.8010034222412e-08,0.8,1.8010034222412e-08,0,1.8010034222412e-08,-2.0888317076082e-07
1.801006029663e-08,0.8,1.801006029663e-08,0.8,1.801006029663e-08,0.7847524411622018,1.801006029663e-08,-0.008556994773581107,1.801006029663e-08,0.8,1.801006029663e-08,0,1.801006029663e-08,-1.897229145691359e-07
1.801007333374e-08,0.8,1.801007333374e-08,0.8,1.801007333374e-08,0.7847784173931384,1.801007333374e-08,-0.008532070009696909,1.801007333374e-08,0.8,1.801007333374e-08,0,1.801007333374e-08,-2.069111001831809e-07
1.8010099407959e-08,0.8,1.8010099407959e-08,0.8,1.8010099407959e-08,0.7848303175448372,1.8010099407959e-08,-0.008482360758574175,1.8010099407959e-08,0.8,1.8010099407959e-08,0,1.8010099407959e-08,-1.911278508773234e-07
1.8010151556396e-08,0.8,1.8010151556396e-08,0.8,1.8010151556396e-08,0.7849333788577924,1.8010151556396e-08,-0.008383770223693474,1.8010151556396e-08,0.8,1.8010151556396e-08,0,1.8010151556396e-08,-2.056910882250738e-07
1.8010255853271e-08,0.8,1.8010255853271e-08,0.8,1.8010255853271e-08,0.7851370584160077,1.8010255853271e-08,-0.008189621597614492,1.8010255853271e-08,0.8,1.8010255853271e-08,0,1.8010255853271e-08,-1.905672575637034e-07
1.8010308001709e-08,0.8,1.8010308001709e-08,0.8,1.8010308001709e-08,0.7852375994815505,1.8010308001709e-08,-0.008094092341265052,1.8010308001709e-08,0.8,1.8010308001709e-08,0,1.8010308001709e-08,-2.044018139257658e-07
1.8010412298584e-08,0.8,1.8010412298584e-08,0.8,1.8010412298584e-08,0.7854363052661391,1.8010412298584e-08,-0.007905978400924146,1.8010412298584e-08,0.8,1.8010412298584e-08,0,1.8010412298584e-08,-1.899805928200147e-07
1.8010620892334e-08,0.8,1.8010620892334e-08,0.8,1.8010620892334e-08,0.7858240178274865,1.8010620892334e-08,-0.007541443571319266,1.8010620892334e-08,0.8,1.8010620892334e-08,0,1.8010620892334e-08,-2.023284640791875e-07
1.8011038079834e-08,0.8,1.8011038079834e-08,0.8,1.8011038079834e-08,0.7865628386530117,1.8011038079834e-08,-0.006856690306764063,1.8011038079834e-08,0.8,1.8011038079834e-08,0,1.8011038079834e-08,-1.861812111461797e-07
1.8011246673584e-08,0.8,1.8011246673584e-08,0.8,1.8011246673584e-08,0.7869145755483582,1.8011246673584e-08,-0.00653562764731582,1.8011246673584e-08,0.8,1.8011246673584e-08,0,1.8011246673584e-08,-1.982899819694056e-07
1.8011663861084e-08,0.8,1.8011663861084e-08,0.8,1.8011663861084e-08,0.7875854114176365,1.8011663861084e-08,-0.005932759713333661,1.8011663861084e-08,0.8,1.8011663861084e-08,0,1.8011663861084e-08,-1.821710720527163e-07
1.8012498236085e-08,0.8,1.8012498236085e-08,0.8,1.8012498236085e-08,0.7888074856064505,1.8012498236085e-08,-0.004869557829686496,1.8012498236085e-08,0.8,1.8012498236085e-08,0,1.8012498236085e-08,-1.897341713349315e-07
1.8014166986085e-08,0.8,1.8014166986085e-08,0.8,1.8014166986085e-08,0.7908499778616279,1.8014166986085e-08,-0.003213523153953079,1.8014166986085e-08,0.8,1.8014166986085e-08,0,1.8014166986085e-08,-1.640549334424075e-07
1.8017504486087e-08,0.8,1.8017504486087e-08,0.8,1.8017504486087e-08,0.7937704182322197,1.8017504486087e-08,-0.001202045205182468,1.8017504486087e-08,0.8,1.8017504486087e-08,0,1.8017504486087e-08,-1.508533848136999e-07
1.802417948609e-08,0.8,1.802417948609e-08,0.8,1.802417948609e-08,0.796964002048649,1.802417948609e-08,0.0002106301920912606,1.802417948609e-08,0.8,1.802417948609e-08,0,1.802417948609e-08,-8.896887332339843e-08
1.8032564200248e-08,0.8,1.8032564200248e-08,0.8,1.8032564200248e-08,0.7986438504289433,1.8032564200248e-08,0.0003104879219749532,1.8032564200248e-08,0.8,1.8032564200248e-08,0,1.8032564200248e-08,-5.449812392257739e-08
1.8043744908409e-08,0.8,1.8043744908409e-08,0.8,1.8043744908409e-08,0.7995207813292011,1.8043744908409e-08,0.0001481638315786717,1.8043744908409e-08,0.8,1.8043744908409e-08,0,1.8043744908409e-08,-1.204057650131216e-08
1.8059879774015e-08,0.8,1.8059879774015e-08,0.8,1.8059879774015e-08,0.7999048263679261,1.8059879774015e-08,2.98336336173359e-05,1.8059879774015e-08,0.8,1.8059879774015e-08,0,1.8059879774015e-08,-9.744765176049508e-09
1.8085353914462e-08,0.8,1.8085353914462e-08,0.8,1.8085353914462e-08,0.8000026734450487,1.8085353914462e-08,-7.782904179250444e-07,1.8085353914462e-08,0.8,1.8085353914462e-08,0,1.8085353914462e-08,6.201260538506912e-09
1.8126161450357e-08,0.8,1.8126161450357e-08,0.8,1.8126161450357e-08,0.79999908337865,1.8126161450357e-08,2.892245165453216e-07,1.8126161450357e-08,0.8,1.8126161450357e-08,0,1.8126161450357e-08,-6.144431942979988e-09
1.8198839170371e-08,0.8,1.8198839170371e-08,0.8,1.8198839170371e-08,0.80000024802664,1.8198839170371e-08,-2.527357160123309e-08,1.8198839170371e-08,0.8,1.8198839170371e-08,0,1.8198839170371e-08,6.10731210119609e-09
1.83441946104e-08,0.8,1.83441946104e-08,0.8,1.83441946104e-08,0.7999995512480289,1.83441946104e-08,1.513688282031752e-07,1.83441946104e-08,0.8,1.83441946104e-08,0,1.83441946104e-08,-6.125764049261581e-09
1.8634905490458e-08,0.8,1.8634905490458e-08,0.8,1.8634905490458e-08,0.8000000965939613,1.8634905490458e-08,1.94238079630792e-08,1.8634905490458e-08,0.8,1.8634905490458e-08,0,1.8634905490458e-08,6.101392420119558e-09
1.9216327250574e-08,0.8,1.9216327250574e-08,0.8,1.9216327250574e-08,0.7999996127460254,1.9216327250574e-08,1.33465879988195e-07,1.9216327250574e-08,0.8,1.9216327250574e-08,0,1.9216327250574e-08,-6.123370694677436e-09
1.9816327250574e-08,0.8,1.9816327250574e-08,0.8,1.9816327250574e-08,0.8000000608893263,1.9816327250574e-08,2.974215330015599e-08,1.9816327250574e-08,0.8,1.9816327250574e-08,0,1.9816327250574e-08,6.100000772885399e-09
2e-08,0.8,2e-08,0.8,2e-08,0.7999996742875466,2e-08,1.160168623452952e-07,2e-08,0.8,2e-08,0,2e-08,-6.120864710492982e-09
2.036734549885e-08,0.8,2.036734549885e-08,0.8,2.036734549885e-08,0.7999998402092376,2.036734549885e-08,8.059523420443473e-08,2.036734549885e-08,0.8,2.036734549885e-08,0,2.036734549885e-08,-1.155363718374621e-11
2.096734549885e-08,0.8,2.096734549885e-08,0.8,2.096734549885e-08,0.7999998499356934,2.096734549885e-08,7.786593141844382e-08,2.096734549885e-08,0.8,2.096734549885e-08,0,2.096734549885e-08,-1.117310824611416e-11
2.156734549885e-08,0.8,2.156734549885e-08,0.8,2.156734549885e-08,0.7999998409542842,2.156734549885e-08,8.037418430972826e-08,2.156734549885e-08,0.8,2.156734549885e-08,0,2.156734549885e-08,-1.152558941411099e-11
2.2e-08,0.8,2.2e-08,0.8,2.2e-08,0.7999998491258863,2.2e-08,7.810566937811479e-08,2.2e-08,0.8,2.2e-08,0,2.2e-08,-1.120354786877458e-11
2.26e-08,0.8,2.26e-08,0.8,2.26e-08,0.7999998453412603,2.26e-08,7.915089113550745e-08,2.26e-08,0.8,2.26e-08,0,2.26e-08,-1.135325297102466e-11
2.32e-08,0.8,2.32e-08,0.8,2.32e-08,0.799999845196281,2.32e-08,7.919361943184902e-08,2.32e-08,0.8,2.32e-08,0,2.32e-08,-1.135869699397565e-11
2.38e-08,0.8,2.38e-08,0.8,2.38e-08,0.7999998453299746,2.38e-08,7.915428057485981e-08,2.38e-08,0.8,2.38e-08,0,2.38e-08,-1.135368126131659e-11
2.4399999999999e-08,0.8,2.4399999999999e-08,0.8,2.4399999999999e-08,0.799999845206799,2.4399999999999e-08,7.919049791049575e-08,2.4399999999999e-08,0.8,2.4399999999999e-08,0,2.4399999999999e-08,-1.135829618252065e-11
2.4999999999999e-08,0.8,2.4999999999999e-08,0.8,2.4999999999999e-08,0.7999998453204048,2.4999999999999e-08,7.91571560025604e-08,2.4999999999999e-08,0.8,2.4999999999999e-08,0,2.4999999999999e-08,-1.135404417413135e-11
2.5599999999999e-08,0.8,2.5599999999999e-08,0.8,2.5599999999999e-08,0.7999998452154333,2.5599999999999e-08,7.918784750156191e-08,2.5599999999999e-08,0.8,2.5599999999999e-08,0,2.5599999999999e-08,-1.135797158756494e-11
2.6199999999999e-08,0.8,2.6199999999999e-08,0.8,2.6199999999999e-08,0.7999998453126943,2.6199999999999e-08,7.915960145267314e-08,2.6199999999999e-08,0.8,2.6199999999999e-08,0,2.6199999999999e-08,-1.135432996519572e-11
2.6799999999999e-08,0.8,2.6799999999999e-08,0.8,2.6799999999999e-08,0.7999998452223103,2.6799999999999e-08,7.918558846337553e-08,2.6799999999999e-08,0.8,2.6799999999999e-08,0,2.6799999999999e-08,-1.135772095342279e-11
2.7399999999999e-08,0.8,2.7399999999999e-08,0.8,2.7399999999999e-08,0.799999845306372,2.7399999999999e-08,7.916168982560571e-08,2.7399999999999e-08,0.8,2.7399999999999e-08,0,2.7399999999999e-08,-1.135455909716098e-11
2.7999999999999e-08,0.8,2.7999999999999e-08,0.8,2.7999999999999e-08,0.7999998452283055,2.7999999999999e-08,7.918365846093515e-08,2.7999999999999e-08,0.8,2.7999999999999e-08,0,2.7999999999999e-08,-1.135750199994111e-11
2.8599999999999e-08,0.8,2.8599999999999e-08,0.8,2.8599999999999e-08,0.79999984530077,2.8599999999999e-08,7.916347226268223e-08,2.8599999999999e-08,0.8,2.8599999999999e-08,0,2.8599999999999e-08,-1.135476408083492e-11
2.9199999999999e-08,0.8,2.9199999999999e-08,0.8,2.9199999999999e-08,0.7999998452334165,2.9199999999999e-08,7.918201233109221e-08,2.9199999999999e-08,0.8,2.9199999999999e-08,0,2.9199999999999e-08,-1.135731654446658e-11
2.9599999999999e-08,0.8,2.9599999999999e-08,0.8,2.9599999999999e-08,0.799999845294362,2.9599999999999e-08,7.916533240795643e-08,2.9599999999999e-08,0.8,2.9599999999999e-08,0,2.9599999999999e-08,-1.135500583425202e-11
2.9999999999999e-08,0.8,2.9999999999999e-08,0.8,2.9999999999999e-08,0.799999845240761,2.9999999999999e-08,7.918000185436608e-08,2.9999999999999e-08,0.8,2.9999999999999e-08,0,2.9999999999999e-08,-1.135703372965543e-11
